Kab_Kota,Lat,Lon,Tahun,Bulan,Periode,Curah_Hujan_mm,Suhu_C
Bogor,-6.595,106.816,2021,1,2021-01,315.0,24.03
Bogor,-6.595,106.816,2021,2,2021-02,551.3,24.11
Bogor,-6.595,106.816,2021,3,2021-03,484.5,24.56
Bogor,-6.595,106.816,2021,4,2021-04,206.7,24.74
Bogor,-6.595,106.816,2021,5,2021-05,166.8,25.25
Bogor,-6.595,106.816,2021,6,2021-06,158.7,24.78
Bogor,-6.595,106.816,2021,7,2021-07,59.8,24.26
Bogor,-6.595,106.816,2021,8,2021-08,86.8,24.73
Bogor,-6.595,106.816,2021,9,2021-09,140.1,25.17
Bogor,-6.595,106.816,2021,10,2021-10,213.9,25.63
Bogor,-6.595,106.816,2021,11,2021-11,319.2,24.86
Bogor,-6.595,106.816,2021,12,2021-12,311.9,24.69
Bogor,-6.595,106.816,2022,1,2022-01,219.5,24.48
Bogor,-6.595,106.816,2022,2,2022-02,227.6,24.29
Bogor,-6.595,106.816,2022,3,2022-03,256.1,24.74
Bogor,-6.595,106.816,2022,4,2022-04,322.8,25.0
Bogor,-6.595,106.816,2022,5,2022-05,187.9,25.04
Bogor,-6.595,106.816,2022,6,2022-06,159.9,24.33
Bogor,-6.595,106.816,2022,7,2022-07,124.3,24.57
Bogor,-6.595,106.816,2022,8,2022-08,105.1,24.89
Bogor,-6.595,106.816,2022,9,2022-09,173.7,25.04
Bogor,-6.595,106.816,2022,10,2022-10,297.0,24.63
Bogor,-6.595,106.816,2022,11,2022-11,261.6,24.57
Bogor,-6.595,106.816,2022,12,2022-12,257.0,24.49
Bogor,-6.595,106.816,2023,1,2023-01,142.9,24.26
Bogor,-6.595,106.816,2023,2,2023-02,383.3,23.8
Bogor,-6.595,106.816,2023,3,2023-03,261.0,24.7
Bogor,-6.595,106.816,2023,4,2023-04,160.5,25.07
Bogor,-6.595,106.816,2023,5,2023-05,169.3,25.58
Bogor,-6.595,106.816,2023,6,2023-06,114.9,25.23
Bogor,-6.595,106.816,2023,7,2023-07,43.4,24.74
Bogor,-6.595,106.816,2023,8,2023-08,17.7,24.69
Bogor,-6.595,106.816,2023,9,2023-09,4.8,25.36
Bogor,-6.595,106.816,2023,10,2023-10,44.9,27.1
Bogor,-6.595,106.816,2023,11,2023-11,232.5,26.8
Bogor,-6.595,106.816,2023,12,2023-12,163.1,26.12
Bogor,-6.595,106.816,2024,1,2024-01,403.6,25.48
Bogor,-6.595,106.816,2024,2,2024-02,365.1,25.6
Bogor,-6.595,106.816,2024,3,2024-03,314.0,25.43
Bogor,-6.595,106.816,2024,4,2024-04,245.4,26.27
Bogor,-6.595,106.816,2024,5,2024-05,95.8,26.3
Bogor,-6.595,106.816,2024,6,2024-06,165.0,25.56
Bogor,-6.595,106.816,2024,7,2024-07,280.6,24.69
Bogor,-6.595,106.816,2024,8,2024-08,62.9,25.01
Bogor,-6.595,106.816,2024,9,2024-09,205.8,25.55
Bogor,-6.595,106.816,2024,10,2024-10,80.0,26.3
Bogor,-6.595,106.816,2024,11,2024-11,339.0,25.79
Bogor,-6.595,106.816,2024,12,2024-12,313.4,24.96
Bogor,-6.595,106.816,2025,1,2025-01,482.1,24.55
Bogor,-6.595,106.816,2025,2,2025-02,250.9,24.49
Bogor,-6.595,106.816,2025,3,2025-03,219.8,24.89
Bogor,-6.595,106.816,2025,4,2025-04,183.9,25.34
Bogor,-6.595,106.816,2025,5,2025-05,227.2,25.68
Bogor,-6.595,106.816,2025,6,2025-06,233.1,25.02
Bogor,-6.595,106.816,2025,7,2025-07,170.5,24.78
Bogor,-6.595,106.816,2025,8,2025-08,201.8,24.68
Bogor,-6.595,106.816,2025,9,2025-09,195.0,25.31
Bogor,-6.595,106.816,2025,10,2025-10,251.7,25.39
Bogor,-6.595,106.816,2025,11,2025-11,177.9,24.9
Bogor,-6.595,106.816,2025,12,2025-12,225.7,24.83
Sukabumi,-6.918,106.929,2021,1,2021-01,318.7,23.36
Sukabumi,-6.918,106.929,2021,2,2021-02,402.6,23.46
Sukabumi,-6.918,106.929,2021,3,2021-03,523.9,23.78
Sukabumi,-6.918,106.929,2021,4,2021-04,210.6,23.97
Sukabumi,-6.918,106.929,2021,5,2021-05,202.7,24.62
Sukabumi,-6.918,106.929,2021,6,2021-06,256.2,24.06
Sukabumi,-6.918,106.929,2021,7,2021-07,77.5,23.51
Sukabumi,-6.918,106.929,2021,8,2021-08,111.3,23.8
Sukabumi,-6.918,106.929,2021,9,2021-09,175.2,24.12
Sukabumi,-6.918,106.929,2021,10,2021-10,299.8,24.47
Sukabumi,-6.918,106.929,2021,11,2021-11,455.7,23.81
Sukabumi,-6.918,106.929,2021,12,2021-12,340.4,23.84
Sukabumi,-6.918,106.929,2022,1,2022-01,203.4,23.69
Sukabumi,-6.918,106.929,2022,2,2022-02,229.9,23.57
Sukabumi,-6.918,106.929,2022,3,2022-03,303.8,23.98
Sukabumi,-6.918,106.929,2022,4,2022-04,354.9,24.18
Sukabumi,-6.918,106.929,2022,5,2022-05,241.2,24.49
Sukabumi,-6.918,106.929,2022,6,2022-06,230.4,23.68
Sukabumi,-6.918,106.929,2022,7,2022-07,166.5,23.78
Sukabumi,-6.918,106.929,2022,8,2022-08,139.2,23.78
Sukabumi,-6.918,106.929,2022,9,2022-09,290.1,24.06
Sukabumi,-6.918,106.929,2022,10,2022-10,436.5,23.56
Sukabumi,-6.918,106.929,2022,11,2022-11,423.9,23.59
Sukabumi,-6.918,106.929,2022,12,2022-12,323.3,23.58
Sukabumi,-6.918,106.929,2023,1,2023-01,173.0,23.46
Sukabumi,-6.918,106.929,2023,2,2023-02,337.7,23.16
Sukabumi,-6.918,106.929,2023,3,2023-03,303.2,24.0
Sukabumi,-6.918,106.929,2023,4,2023-04,255.3,24.2
Sukabumi,-6.918,106.929,2023,5,2023-05,198.7,24.58
Sukabumi,-6.918,106.929,2023,6,2023-06,130.8,24.19
Sukabumi,-6.918,106.929,2023,7,2023-07,73.2,23.42
Sukabumi,-6.918,106.929,2023,8,2023-08,18.0,23.14
Sukabumi,-6.918,106.929,2023,9,2023-09,6.6,23.36
Sukabumi,-6.918,106.929,2023,10,2023-10,52.7,25.15
Sukabumi,-6.918,106.929,2023,11,2023-11,336.3,25.32
Sukabumi,-6.918,106.929,2023,12,2023-12,263.5,24.67
Sukabumi,-6.918,106.929,2024,1,2024-01,475.8,24.58
Sukabumi,-6.918,106.929,2024,2,2024-02,408.6,24.8
Sukabumi,-6.918,106.929,2024,3,2024-03,388.1,24.67
Sukabumi,-6.918,106.929,2024,4,2024-04,342.0,25.45
Sukabumi,-6.918,106.929,2024,5,2024-05,143.2,25.22
Sukabumi,-6.918,106.929,2024,6,2024-06,204.6,24.74
Sukabumi,-6.918,106.929,2024,7,2024-07,377.3,23.63
Sukabumi,-6.918,106.929,2024,8,2024-08,82.8,23.47
Sukabumi,-6.918,106.929,2024,9,2024-09,279.3,24.16
Sukabumi,-6.918,106.929,2024,10,2024-10,72.2,25.02
Sukabumi,-6.918,106.929,2024,11,2024-11,544.5,24.88
Sukabumi,-6.918,106.929,2024,12,2024-12,332.6,24.16
Sukabumi,-6.918,106.929,2025,1,2025-01,438.7,23.8
Sukabumi,-6.918,106.929,2025,2,2025-02,244.4,23.84
Sukabumi,-6.918,106.929,2025,3,2025-03,259.5,24.27
Sukabumi,-6.918,106.929,2025,4,2025-04,213.3,24.49
Sukabumi,-6.918,106.929,2025,5,2025-05,259.5,24.69
Sukabumi,-6.918,106.929,2025,6,2025-06,312.0,24.27
Sukabumi,-6.918,106.929,2025,7,2025-07,164.6,23.7
Sukabumi,-6.918,106.929,2025,8,2025-08,269.7,23.83
Sukabumi,-6.918,106.929,2025,9,2025-09,253.5,24.22
Sukabumi,-6.918,106.929,2025,10,2025-10,391.2,24.37
Sukabumi,-6.918,106.929,2025,11,2025-11,230.7,23.77
Sukabumi,-6.918,106.929,2025,12,2025-12,241.8,24.01
Cianjur,-6.822,107.139,2021,1,2021-01,318.7,23.36
Cianjur,-6.822,107.139,2021,2,2021-02,402.6,23.46
Cianjur,-6.822,107.139,2021,3,2021-03,523.9,23.78
Cianjur,-6.822,107.139,2021,4,2021-04,210.6,23.97
Cianjur,-6.822,107.139,2021,5,2021-05,202.7,24.62
Cianjur,-6.822,107.139,2021,6,2021-06,256.2,24.06
Cianjur,-6.822,107.139,2021,7,2021-07,77.5,23.51
Cianjur,-6.822,107.139,2021,8,2021-08,111.3,23.8
Cianjur,-6.822,107.139,2021,9,2021-09,175.2,24.12
Cianjur,-6.822,107.139,2021,10,2021-10,299.8,24.47
Cianjur,-6.822,107.139,2021,11,2021-11,455.7,23.81
Cianjur,-6.822,107.139,2021,12,2021-12,340.4,23.84
Cianjur,-6.822,107.139,2022,1,2022-01,203.4,23.69
Cianjur,-6.822,107.139,2022,2,2022-02,229.9,23.57
Cianjur,-6.822,107.139,2022,3,2022-03,303.8,23.98
Cianjur,-6.822,107.139,2022,4,2022-04,354.9,24.18
Cianjur,-6.822,107.139,2022,5,2022-05,241.2,24.49
Cianjur,-6.822,107.139,2022,6,2022-06,230.4,23.68
Cianjur,-6.822,107.139,2022,7,2022-07,166.5,23.78
Cianjur,-6.822,107.139,2022,8,2022-08,139.2,23.78
Cianjur,-6.822,107.139,2022,9,2022-09,290.1,24.06
Cianjur,-6.822,107.139,2022,10,2022-10,436.5,23.56
Cianjur,-6.822,107.139,2022,11,2022-11,423.9,23.59
Cianjur,-6.822,107.139,2022,12,2022-12,323.3,23.58
Cianjur,-6.822,107.139,2023,1,2023-01,173.0,23.46
Cianjur,-6.822,107.139,2023,2,2023-02,337.7,23.16
Cianjur,-6.822,107.139,2023,3,2023-03,303.2,24.0
Cianjur,-6.822,107.139,2023,4,2023-04,255.3,24.2
Cianjur,-6.822,107.139,2023,5,2023-05,198.7,24.58
Cianjur,-6.822,107.139,2023,6,2023-06,130.8,24.19
Cianjur,-6.822,107.139,2023,7,2023-07,73.2,23.42
Cianjur,-6.822,107.139,2023,8,2023-08,18.0,23.14
Cianjur,-6.822,107.139,2023,9,2023-09,6.6,23.36
Cianjur,-6.822,107.139,2023,10,2023-10,52.7,25.15
Cianjur,-6.822,107.139,2023,11,2023-11,336.3,25.32
Cianjur,-6.822,107.139,2023,12,2023-12,263.5,24.67
Cianjur,-6.822,107.139,2024,1,2024-01,475.8,24.58
Cianjur,-6.822,107.139,2024,2,2024-02,408.6,24.8
Cianjur,-6.822,107.139,2024,3,2024-03,388.1,24.67
Cianjur,-6.822,107.139,2024,4,2024-04,342.0,25.45
Cianjur,-6.822,107.139,2024,5,2024-05,143.2,25.22
Cianjur,-6.822,107.139,2024,6,2024-06,204.6,24.74
Cianjur,-6.822,107.139,2024,7,2024-07,377.3,23.63
Cianjur,-6.822,107.139,2024,8,2024-08,82.8,23.47
Cianjur,-6.822,107.139,2024,9,2024-09,279.3,24.16
Cianjur,-6.822,107.139,2024,10,2024-10,72.2,25.02
Cianjur,-6.822,107.139,2024,11,2024-11,544.5,24.88
Cianjur,-6.822,107.139,2024,12,2024-12,332.6,24.16
Cianjur,-6.822,107.139,2025,1,2025-01,438.7,23.8
Cianjur,-6.822,107.139,2025,2,2025-02,244.4,23.84
Cianjur,-6.822,107.139,2025,3,2025-03,259.5,24.27
Cianjur,-6.822,107.139,2025,4,2025-04,213.3,24.49
Cianjur,-6.822,107.139,2025,5,2025-05,259.5,24.69
Cianjur,-6.822,107.139,2025,6,2025-06,312.0,24.27
Cianjur,-6.822,107.139,2025,7,2025-07,164.6,23.7
Cianjur,-6.822,107.139,2025,8,2025-08,269.7,23.83
Cianjur,-6.822,107.139,2025,9,2025-09,253.5,24.22
Cianjur,-6.822,107.139,2025,10,2025-10,391.2,24.37
Cianjur,-6.822,107.139,2025,11,2025-11,230.7,23.77
Cianjur,-6.822,107.139,2025,12,2025-12,241.8,24.01
Bandung,-7.021,107.57,2021,1,2021-01,343.5,21.03
Bandung,-7.021,107.57,2021,2,2021-02,454.7,21.05
Bandung,-7.021,107.57,2021,3,2021-03,607.9,21.45
Bandung,-7.021,107.57,2021,4,2021-04,213.9,21.44
Bandung,-7.021,107.57,2021,5,2021-05,204.0,22.11
Bandung,-7.021,107.57,2021,6,2021-06,258.3,21.58
Bandung,-7.021,107.57,2021,7,2021-07,75.3,20.67
Bandung,-7.021,107.57,2021,8,2021-08,114.1,21.21
Bandung,-7.021,107.57,2021,9,2021-09,168.6,21.57
Bandung,-7.021,107.57,2021,10,2021-10,294.5,22.29
Bandung,-7.021,107.57,2021,11,2021-11,453.0,21.77
Bandung,-7.021,107.57,2021,12,2021-12,372.6,21.72
Bandung,-7.021,107.57,2022,1,2022-01,217.6,21.42
Bandung,-7.021,107.57,2022,2,2022-02,247.2,21.2
Bandung,-7.021,107.57,2022,3,2022-03,306.0,21.67
Bandung,-7.021,107.57,2022,4,2022-04,362.7,22.01
Bandung,-7.021,107.57,2022,5,2022-05,250.5,22.02
Bandung,-7.021,107.57,2022,6,2022-06,212.1,21.24
Bandung,-7.021,107.57,2022,7,2022-07,200.3,21.17
Bandung,-7.021,107.57,2022,8,2022-08,138.3,21.36
Bandung,-7.021,107.57,2022,9,2022-09,300.9,21.66
Bandung,-7.021,107.57,2022,10,2022-10,425.6,21.64
Bandung,-7.021,107.57,2022,11,2022-11,413.4,21.42
Bandung,-7.021,107.57,2022,12,2022-12,344.4,21.39
Bandung,-7.021,107.57,2023,1,2023-01,168.6,21.18
Bandung,-7.021,107.57,2023,2,2023-02,359.0,20.58
Bandung,-7.021,107.57,2023,3,2023-03,332.0,21.69
Bandung,-7.021,107.57,2023,4,2023-04,268.8,22.05
Bandung,-7.021,107.57,2023,5,2023-05,223.5,22.18
Bandung,-7.021,107.57,2023,6,2023-06,148.5,21.82
Bandung,-7.021,107.57,2023,7,2023-07,76.9,21.0
Bandung,-7.021,107.57,2023,8,2023-08,18.9,20.75
Bandung,-7.021,107.57,2023,9,2023-09,6.9,21.14
Bandung,-7.021,107.57,2023,10,2023-10,52.4,22.81
Bandung,-7.021,107.57,2023,11,2023-11,357.3,23.13
Bandung,-7.021,107.57,2023,12,2023-12,255.1,22.87
Bandung,-7.021,107.57,2024,1,2024-01,596.4,22.44
Bandung,-7.021,107.57,2024,2,2024-02,455.0,22.72
Bandung,-7.021,107.57,2024,3,2024-03,414.2,22.41
Bandung,-7.021,107.57,2024,4,2024-04,318.6,23.16
Bandung,-7.021,107.57,2024,5,2024-05,128.3,22.81
Bandung,-7.021,107.57,2024,6,2024-06,220.5,22.17
Bandung,-7.021,107.57,2024,7,2024-07,306.6,21.03
Bandung,-7.021,107.57,2024,8,2024-08,79.7,21.08
Bandung,-7.021,107.57,2024,9,2024-09,328.8,21.89
Bandung,-7.021,107.57,2024,10,2024-10,83.7,22.63
Bandung,-7.021,107.57,2024,11,2024-11,531.9,22.6
Bandung,-7.021,107.57,2024,12,2024-12,330.5,21.77
Bandung,-7.021,107.57,2025,1,2025-01,457.6,21.49
Bandung,-7.021,107.57,2025,2,2025-02,290.1,21.53
Bandung,-7.021,107.57,2025,3,2025-03,257.0,21.83
Bandung,-7.021,107.57,2025,4,2025-04,218.7,22.09
Bandung,-7.021,107.57,2025,5,2025-05,290.5,22.42
Bandung,-7.021,107.57,2025,6,2025-06,288.9,21.72
Bandung,-7.021,107.57,2025,7,2025-07,164.6,21.12
Bandung,-7.021,107.57,2025,8,2025-08,271.9,21.32
Bandung,-7.021,107.57,2025,9,2025-09,254.1,21.72
Bandung,-7.021,107.57,2025,10,2025-10,341.9,22.02
Bandung,-7.021,107.57,2025,11,2025-11,219.3,21.81
Bandung,-7.021,107.57,2025,12,2025-12,239.9,21.82
Garut,-7.212,107.906,2021,1,2021-01,337.3,22.74
Garut,-7.212,107.906,2021,2,2021-02,443.2,22.66
Garut,-7.212,107.906,2021,3,2021-03,446.1,23.07
Garut,-7.212,107.906,2021,4,2021-04,171.9,22.81
Garut,-7.212,107.906,2021,5,2021-05,143.8,23.29
Garut,-7.212,107.906,2021,6,2021-06,162.6,22.78
Garut,-7.212,107.906,2021,7,2021-07,45.3,21.91
Garut,-7.212,107.906,2021,8,2021-08,72.2,22.33
Garut,-7.212,107.906,2021,9,2021-09,122.4,22.62
Garut,-7.212,107.906,2021,10,2021-10,194.7,23.37
Garut,-7.212,107.906,2021,11,2021-11,477.3,23.29
Garut,-7.212,107.906,2021,12,2021-12,345.0,23.29
Garut,-7.212,107.906,2022,1,2022-01,248.3,23.09
Garut,-7.212,107.906,2022,2,2022-02,236.0,22.91
Garut,-7.212,107.906,2022,3,2022-03,360.2,23.23
Garut,-7.212,107.906,2022,4,2022-04,354.0,23.37
Garut,-7.212,107.906,2022,5,2022-05,207.7,23.27
Garut,-7.212,107.906,2022,6,2022-06,155.1,22.45
Garut,-7.212,107.906,2022,7,2022-07,151.6,22.18
Garut,-7.212,107.906,2022,8,2022-08,71.9,22.32
Garut,-7.212,107.906,2022,9,2022-09,201.0,22.71
Garut,-7.212,107.906,2022,10,2022-10,332.3,22.82
Garut,-7.212,107.906,2022,11,2022-11,381.9,22.92
Garut,-7.212,107.906,2022,12,2022-12,271.2,22.78
Garut,-7.212,107.906,2023,1,2023-01,187.2,22.84
Garut,-7.212,107.906,2023,2,2023-02,287.0,22.34
Garut,-7.212,107.906,2023,3,2023-03,299.8,23.06
Garut,-7.212,107.906,2023,4,2023-04,281.4,23.55
Garut,-7.212,107.906,2023,5,2023-05,152.5,23.11
Garut,-7.212,107.906,2023,6,2023-06,108.6,22.81
Garut,-7.212,107.906,2023,7,2023-07,57.4,21.8
Garut,-7.212,107.906,2023,8,2023-08,11.8,21.5
Garut,-7.212,107.906,2023,9,2023-09,5.7,21.96
Garut,-7.212,107.906,2023,10,2023-10,38.4,24.01
Garut,-7.212,107.906,2023,11,2023-11,249.3,24.18
Garut,-7.212,107.906,2023,12,2023-12,237.5,24.16
Garut,-7.212,107.906,2024,1,2024-01,423.8,24.08
Garut,-7.212,107.906,2024,2,2024-02,367.1,24.32
Garut,-7.212,107.906,2024,3,2024-03,277.1,23.98
Garut,-7.212,107.906,2024,4,2024-04,272.1,24.23
Garut,-7.212,107.906,2024,5,2024-05,71.0,23.7
Garut,-7.212,107.906,2024,6,2024-06,115.8,23.27
Garut,-7.212,107.906,2024,7,2024-07,359.0,21.95
Garut,-7.212,107.906,2024,8,2024-08,53.9,21.88
Garut,-7.212,107.906,2024,9,2024-09,211.8,22.93
Garut,-7.212,107.906,2024,10,2024-10,98.6,23.86
Garut,-7.212,107.906,2024,11,2024-11,427.8,23.9
Garut,-7.212,107.906,2024,12,2024-12,252.0,23.57
Garut,-7.212,107.906,2025,1,2025-01,466.6,23.23
Garut,-7.212,107.906,2025,2,2025-02,287.3,23.19
Garut,-7.212,107.906,2025,3,2025-03,191.0,23.38
Garut,-7.212,107.906,2025,4,2025-04,201.6,23.28
Garut,-7.212,107.906,2025,5,2025-05,316.5,23.73
Garut,-7.212,107.906,2025,6,2025-06,295.8,22.79
Garut,-7.212,107.906,2025,7,2025-07,117.8,21.97
Garut,-7.212,107.906,2025,8,2025-08,249.6,22.39
Garut,-7.212,107.906,2025,9,2025-09,256.5,22.68
Garut,-7.212,107.906,2025,10,2025-10,408.9,23.13
Garut,-7.212,107.906,2025,11,2025-11,294.0,23.28
Garut,-7.212,107.906,2025,12,2025-12,200.9,23.31
Tasikmalaya,-7.353,108.224,2021,1,2021-01,404.9,24.39
Tasikmalaya,-7.353,108.224,2021,2,2021-02,364.0,24.54
Tasikmalaya,-7.353,108.224,2021,3,2021-03,450.7,24.51
Tasikmalaya,-7.353,108.224,2021,4,2021-04,165.3,24.39
Tasikmalaya,-7.353,108.224,2021,5,2021-05,201.5,24.43
Tasikmalaya,-7.353,108.224,2021,6,2021-06,404.4,24.15
Tasikmalaya,-7.353,108.224,2021,7,2021-07,73.2,23.31
Tasikmalaya,-7.353,108.224,2021,8,2021-08,116.2,23.34
Tasikmalaya,-7.353,108.224,2021,9,2021-09,155.1,23.53
Tasikmalaya,-7.353,108.224,2021,10,2021-10,324.9,23.98
Tasikmalaya,-7.353,108.224,2021,11,2021-11,730.8,24.35
Tasikmalaya,-7.353,108.224,2021,12,2021-12,408.6,24.49
Tasikmalaya,-7.353,108.224,2022,1,2022-01,311.2,24.49
Tasikmalaya,-7.353,108.224,2022,2,2022-02,300.2,24.55
Tasikmalaya,-7.353,108.224,2022,3,2022-03,468.1,24.53
Tasikmalaya,-7.353,108.224,2022,4,2022-04,376.5,24.63
Tasikmalaya,-7.353,108.224,2022,5,2022-05,316.5,24.87
Tasikmalaya,-7.353,108.224,2022,6,2022-06,243.0,23.91
Tasikmalaya,-7.353,108.224,2022,7,2022-07,321.5,23.4
Tasikmalaya,-7.353,108.224,2022,8,2022-08,124.0,23.22
Tasikmalaya,-7.353,108.224,2022,9,2022-09,509.1,23.6
Tasikmalaya,-7.353,108.224,2022,10,2022-10,523.6,23.53
Tasikmalaya,-7.353,108.224,2022,11,2022-11,720.3,23.91
Tasikmalaya,-7.353,108.224,2022,12,2022-12,416.6,24.08
Tasikmalaya,-7.353,108.224,2023,1,2023-01,250.8,24.15
Tasikmalaya,-7.353,108.224,2023,2,2023-02,231.6,24.28
Tasikmalaya,-7.353,108.224,2023,3,2023-03,417.6,24.42
Tasikmalaya,-7.353,108.224,2023,4,2023-04,462.0,24.59
Tasikmalaya,-7.353,108.224,2023,5,2023-05,264.1,24.23
Tasikmalaya,-7.353,108.224,2023,6,2023-06,191.1,23.76
Tasikmalaya,-7.353,108.224,2023,7,2023-07,134.2,22.57
Tasikmalaya,-7.353,108.224,2023,8,2023-08,14.0,22.03
Tasikmalaya,-7.353,108.224,2023,9,2023-09,5.1,22.3
Tasikmalaya,-7.353,108.224,2023,10,2023-10,24.8,24.02
Tasikmalaya,-7.353,108.224,2023,11,2023-11,446.7,24.65
Tasikmalaya,-7.353,108.224,2023,12,2023-12,362.4,24.65
Tasikmalaya,-7.353,108.224,2024,1,2024-01,782.4,25.23
Tasikmalaya,-7.353,108.224,2024,2,2024-02,490.1,25.45
Tasikmalaya,-7.353,108.224,2024,3,2024-03,424.7,25.22
Tasikmalaya,-7.353,108.224,2024,4,2024-04,357.6,25.34
Tasikmalaya,-7.353,108.224,2024,5,2024-05,98.3,24.57
Tasikmalaya,-7.353,108.224,2024,6,2024-06,246.6,24.49
Tasikmalaya,-7.353,108.224,2024,7,2024-07,225.7,23.02
Tasikmalaya,-7.353,108.224,2024,8,2024-08,52.7,22.4
Tasikmalaya,-7.353,108.224,2024,9,2024-09,265.8,23.59
Tasikmalaya,-7.353,108.224,2024,10,2024-10,162.4,24.54
Tasikmalaya,-7.353,108.224,2024,11,2024-11,700.2,25.0
Tasikmalaya,-7.353,108.224,2024,12,2024-12,321.8,24.94
Tasikmalaya,-7.353,108.224,2025,1,2025-01,412.6,24.85
Tasikmalaya,-7.353,108.224,2025,2,2025-02,349.4,24.92
Tasikmalaya,-7.353,108.224,2025,3,2025-03,244.0,25.01
Tasikmalaya,-7.353,108.224,2025,4,2025-04,311.4,24.62
Tasikmalaya,-7.353,108.224,2025,5,2025-05,505.3,24.9
Tasikmalaya,-7.353,108.224,2025,6,2025-06,402.3,24.21
Tasikmalaya,-7.353,108.224,2025,7,2025-07,122.8,23.07
Tasikmalaya,-7.353,108.224,2025,8,2025-08,367.3,23.55
Tasikmalaya,-7.353,108.224,2025,9,2025-09,366.6,23.64
Tasikmalaya,-7.353,108.224,2025,10,2025-10,562.0,24.29
Tasikmalaya,-7.353,108.224,2025,11,2025-11,409.2,24.2
Tasikmalaya,-7.353,108.224,2025,12,2025-12,326.4,24.49
Ciamis,-7.329,108.351,2021,1,2021-01,404.9,24.39
Ciamis,-7.329,108.351,2021,2,2021-02,364.0,24.54
Ciamis,-7.329,108.351,2021,3,2021-03,450.7,24.51
Ciamis,-7.329,108.351,2021,4,2021-04,165.3,24.39
Ciamis,-7.329,108.351,2021,5,2021-05,201.5,24.43
Ciamis,-7.329,108.351,2021,6,2021-06,404.4,24.15
Ciamis,-7.329,108.351,2021,7,2021-07,73.2,23.31
Ciamis,-7.329,108.351,2021,8,2021-08,116.2,23.34
Ciamis,-7.329,108.351,2021,9,2021-09,155.1,23.53
Ciamis,-7.329,108.351,2021,10,2021-10,324.9,23.98
Ciamis,-7.329,108.351,2021,11,2021-11,730.8,24.35
Ciamis,-7.329,108.351,2021,12,2021-12,408.6,24.49
Ciamis,-7.329,108.351,2022,1,2022-01,311.2,24.49
Ciamis,-7.329,108.351,2022,2,2022-02,300.2,24.55
Ciamis,-7.329,108.351,2022,3,2022-03,468.1,24.53
Ciamis,-7.329,108.351,2022,4,2022-04,376.5,24.63
Ciamis,-7.329,108.351,2022,5,2022-05,316.5,24.87
Ciamis,-7.329,108.351,2022,6,2022-06,243.0,23.91
Ciamis,-7.329,108.351,2022,7,2022-07,321.5,23.4
Ciamis,-7.329,108.351,2022,8,2022-08,124.0,23.22
Ciamis,-7.329,108.351,2022,9,2022-09,509.1,23.6
Ciamis,-7.329,108.351,2022,10,2022-10,523.6,23.53
Ciamis,-7.329,108.351,2022,11,2022-11,720.3,23.91
Ciamis,-7.329,108.351,2022,12,2022-12,416.6,24.08
Ciamis,-7.329,108.351,2023,1,2023-01,250.8,24.15
Ciamis,-7.329,108.351,2023,2,2023-02,231.6,24.28
Ciamis,-7.329,108.351,2023,3,2023-03,417.6,24.42
Ciamis,-7.329,108.351,2023,4,2023-04,462.0,24.59
Ciamis,-7.329,108.351,2023,5,2023-05,264.1,24.23
Ciamis,-7.329,108.351,2023,6,2023-06,191.1,23.76
Ciamis,-7.329,108.351,2023,7,2023-07,134.2,22.57
Ciamis,-7.329,108.351,2023,8,2023-08,14.0,22.03
Ciamis,-7.329,108.351,2023,9,2023-09,5.1,22.3
Ciamis,-7.329,108.351,2023,10,2023-10,24.8,24.02
Ciamis,-7.329,108.351,2023,11,2023-11,446.7,24.65
Ciamis,-7.329,108.351,2023,12,2023-12,362.4,24.65
Ciamis,-7.329,108.351,2024,1,2024-01,782.4,25.23
Ciamis,-7.329,108.351,2024,2,2024-02,490.1,25.45
Ciamis,-7.329,108.351,2024,3,2024-03,424.7,25.22
Ciamis,-7.329,108.351,2024,4,2024-04,357.6,25.34
Ciamis,-7.329,108.351,2024,5,2024-05,98.3,24.57
Ciamis,-7.329,108.351,2024,6,2024-06,246.6,24.49
Ciamis,-7.329,108.351,2024,7,2024-07,225.7,23.02
Ciamis,-7.329,108.351,2024,8,2024-08,52.7,22.4
Ciamis,-7.329,108.351,2024,9,2024-09,265.8,23.59
Ciamis,-7.329,108.351,2024,10,2024-10,162.4,24.54
Ciamis,-7.329,108.351,2024,11,2024-11,700.2,25.0
Ciamis,-7.329,108.351,2024,12,2024-12,321.8,24.94
Ciamis,-7.329,108.351,2025,1,2025-01,412.6,24.85
Ciamis,-7.329,108.351,2025,2,2025-02,349.4,24.92
Ciamis,-7.329,108.351,2025,3,2025-03,244.0,25.01
Ciamis,-7.329,108.351,2025,4,2025-04,311.4,24.62
Ciamis,-7.329,108.351,2025,5,2025-05,505.3,24.9
Ciamis,-7.329,108.351,2025,6,2025-06,402.3,24.21
Ciamis,-7.329,108.351,2025,7,2025-07,122.8,23.07
Ciamis,-7.329,108.351,2025,8,2025-08,367.3,23.55
Ciamis,-7.329,108.351,2025,9,2025-09,366.6,23.64
Ciamis,-7.329,108.351,2025,10,2025-10,562.0,24.29
Ciamis,-7.329,108.351,2025,11,2025-11,409.2,24.2
Ciamis,-7.329,108.351,2025,12,2025-12,326.4,24.49
Kuningan,-6.975,108.48,2021,1,2021-01,344.4,24.75
Kuningan,-6.975,108.48,2021,2,2021-02,520.8,24.75
Kuningan,-6.975,108.48,2021,3,2021-03,353.4,25.11
Kuningan,-6.975,108.48,2021,4,2021-04,161.7,25.05
Kuningan,-6.975,108.48,2021,5,2021-05,79.4,25.49
Kuningan,-6.975,108.48,2021,6,2021-06,146.7,25.08
Kuningan,-6.975,108.48,2021,7,2021-07,36.0,24.38
Kuningan,-6.975,108.48,2021,8,2021-08,71.3,24.56
Kuningan,-6.975,108.48,2021,9,2021-09,118.8,24.86
Kuningan,-6.975,108.48,2021,10,2021-10,128.3,25.29
Kuningan,-6.975,108.48,2021,11,2021-11,411.6,25.43
Kuningan,-6.975,108.48,2021,12,2021-12,352.2,25.36
Kuningan,-6.975,108.48,2022,1,2022-01,302.2,25.19
Kuningan,-6.975,108.48,2022,2,2022-02,259.8,25.09
Kuningan,-6.975,108.48,2022,3,2022-03,371.7,25.29
Kuningan,-6.975,108.48,2022,4,2022-04,285.6,25.48
Kuningan,-6.975,108.48,2022,5,2022-05,179.8,25.41
Kuningan,-6.975,108.48,2022,6,2022-06,166.5,24.63
Kuningan,-6.975,108.48,2022,7,2022-07,158.1,24.36
Kuningan,-6.975,108.48,2022,8,2022-08,63.9,24.46
Kuningan,-6.975,108.48,2022,9,2022-09,198.3,24.81
Kuningan,-6.975,108.48,2022,10,2022-10,258.5,24.62
Kuningan,-6.975,108.48,2022,11,2022-11,375.3,24.87
Kuningan,-6.975,108.48,2022,12,2022-12,266.0,24.76
Kuningan,-6.975,108.48,2023,1,2023-01,250.2,24.9
Kuningan,-6.975,108.48,2023,2,2023-02,266.6,24.71
Kuningan,-6.975,108.48,2023,3,2023-03,242.4,25.19
Kuningan,-6.975,108.48,2023,4,2023-04,267.6,25.59
Kuningan,-6.975,108.48,2023,5,2023-05,95.2,25.17
Kuningan,-6.975,108.48,2023,6,2023-06,101.4,24.85
Kuningan,-6.975,108.48,2023,7,2023-07,68.5,23.81
Kuningan,-6.975,108.48,2023,8,2023-08,6.2,23.6
Kuningan,-6.975,108.48,2023,9,2023-09,2.4,24.12
Kuningan,-6.975,108.48,2023,10,2023-10,11.8,26.73
Kuningan,-6.975,108.48,2023,11,2023-11,185.1,26.32
Kuningan,-6.975,108.48,2023,12,2023-12,190.7,26.16
Kuningan,-6.975,108.48,2024,1,2024-01,323.3,26.15
Kuningan,-6.975,108.48,2024,2,2024-02,285.6,26.38
Kuningan,-6.975,108.48,2024,3,2024-03,247.1,26.2
Kuningan,-6.975,108.48,2024,4,2024-04,234.6,26.3
Kuningan,-6.975,108.48,2024,5,2024-05,79.4,25.82
Kuningan,-6.975,108.48,2024,6,2024-06,106.8,25.38
Kuningan,-6.975,108.48,2024,7,2024-07,125.5,24.2
Kuningan,-6.975,108.48,2024,8,2024-08,20.8,24.04
Kuningan,-6.975,108.48,2024,9,2024-09,118.5,25.13
Kuningan,-6.975,108.48,2024,10,2024-10,128.3,26.26
Kuningan,-6.975,108.48,2024,11,2024-11,311.7,25.84
Kuningan,-6.975,108.48,2024,12,2024-12,272.8,25.89
Kuningan,-6.975,108.48,2025,1,2025-01,446.4,25.54
Kuningan,-6.975,108.48,2025,2,2025-02,294.3,25.28
Kuningan,-6.975,108.48,2025,3,2025-03,168.3,25.58
Kuningan,-6.975,108.48,2025,4,2025-04,195.6,25.41
Kuningan,-6.975,108.48,2025,5,2025-05,375.1,25.72
Kuningan,-6.975,108.48,2025,6,2025-06,254.7,25.06
Kuningan,-6.975,108.48,2025,7,2025-07,70.7,24.09
Kuningan,-6.975,108.48,2025,8,2025-08,236.2,24.58
Kuningan,-6.975,108.48,2025,9,2025-09,278.7,24.88
Kuningan,-6.975,108.48,2025,10,2025-10,433.7,25.26
Kuningan,-6.975,108.48,2025,11,2025-11,381.9,25.13
Kuningan,-6.975,108.48,2025,12,2025-12,261.0,25.32
Cirebon,-6.761,108.476,2021,1,2021-01,344.4,24.75
Cirebon,-6.761,108.476,2021,2,2021-02,520.8,24.75
Cirebon,-6.761,108.476,2021,3,2021-03,353.4,25.11
Cirebon,-6.761,108.476,2021,4,2021-04,161.7,25.05
Cirebon,-6.761,108.476,2021,5,2021-05,79.4,25.49
Cirebon,-6.761,108.476,2021,6,2021-06,146.7,25.08
Cirebon,-6.761,108.476,2021,7,2021-07,36.0,24.38
Cirebon,-6.761,108.476,2021,8,2021-08,71.3,24.56
Cirebon,-6.761,108.476,2021,9,2021-09,118.8,24.86
Cirebon,-6.761,108.476,2021,10,2021-10,128.3,25.29
Cirebon,-6.761,108.476,2021,11,2021-11,411.6,25.43
Cirebon,-6.761,108.476,2021,12,2021-12,352.2,25.36
Cirebon,-6.761,108.476,2022,1,2022-01,302.2,25.19
Cirebon,-6.761,108.476,2022,2,2022-02,259.8,25.09
Cirebon,-6.761,108.476,2022,3,2022-03,371.7,25.29
Cirebon,-6.761,108.476,2022,4,2022-04,285.6,25.48
Cirebon,-6.761,108.476,2022,5,2022-05,179.8,25.41
Cirebon,-6.761,108.476,2022,6,2022-06,166.5,24.63
Cirebon,-6.761,108.476,2022,7,2022-07,158.1,24.36
Cirebon,-6.761,108.476,2022,8,2022-08,63.9,24.46
Cirebon,-6.761,108.476,2022,9,2022-09,198.3,24.81
Cirebon,-6.761,108.476,2022,10,2022-10,258.5,24.62
Cirebon,-6.761,108.476,2022,11,2022-11,375.3,24.87
Cirebon,-6.761,108.476,2022,12,2022-12,266.0,24.76
Cirebon,-6.761,108.476,2023,1,2023-01,250.2,24.9
Cirebon,-6.761,108.476,2023,2,2023-02,266.6,24.71
Cirebon,-6.761,108.476,2023,3,2023-03,242.4,25.19
Cirebon,-6.761,108.476,2023,4,2023-04,267.6,25.59
Cirebon,-6.761,108.476,2023,5,2023-05,95.2,25.17
Cirebon,-6.761,108.476,2023,6,2023-06,101.4,24.85
Cirebon,-6.761,108.476,2023,7,2023-07,68.5,23.81
Cirebon,-6.761,108.476,2023,8,2023-08,6.2,23.6
Cirebon,-6.761,108.476,2023,9,2023-09,2.4,24.12
Cirebon,-6.761,108.476,2023,10,2023-10,11.8,26.73
Cirebon,-6.761,108.476,2023,11,2023-11,185.1,26.32
Cirebon,-6.761,108.476,2023,12,2023-12,190.7,26.16
Cirebon,-6.761,108.476,2024,1,2024-01,323.3,26.15
Cirebon,-6.761,108.476,2024,2,2024-02,285.6,26.38
Cirebon,-6.761,108.476,2024,3,2024-03,247.1,26.2
Cirebon,-6.761,108.476,2024,4,2024-04,234.6,26.3
Cirebon,-6.761,108.476,2024,5,2024-05,79.4,25.82
Cirebon,-6.761,108.476,2024,6,2024-06,106.8,25.38
Cirebon,-6.761,108.476,2024,7,2024-07,125.5,24.2
Cirebon,-6.761,108.476,2024,8,2024-08,20.8,24.04
Cirebon,-6.761,108.476,2024,9,2024-09,118.5,25.13
Cirebon,-6.761,108.476,2024,10,2024-10,128.3,26.26
Cirebon,-6.761,108.476,2024,11,2024-11,311.7,25.84
Cirebon,-6.761,108.476,2024,12,2024-12,272.8,25.89
Cirebon,-6.761,108.476,2025,1,2025-01,446.4,25.54
Cirebon,-6.761,108.476,2025,2,2025-02,294.3,25.28
Cirebon,-6.761,108.476,2025,3,2025-03,168.3,25.58
Cirebon,-6.761,108.476,2025,4,2025-04,195.6,25.41
Cirebon,-6.761,108.476,2025,5,2025-05,375.1,25.72
Cirebon,-6.761,108.476,2025,6,2025-06,254.7,25.06
Cirebon,-6.761,108.476,2025,7,2025-07,70.7,24.09
Cirebon,-6.761,108.476,2025,8,2025-08,236.2,24.58
Cirebon,-6.761,108.476,2025,9,2025-09,278.7,24.88
Cirebon,-6.761,108.476,2025,10,2025-10,433.7,25.26
Cirebon,-6.761,108.476,2025,11,2025-11,381.9,25.13
Cirebon,-6.761,108.476,2025,12,2025-12,261.0,25.32
Majalengka,-6.836,108.228,2021,1,2021-01,337.3,22.74
Majalengka,-6.836,108.228,2021,2,2021-02,443.2,22.66
Majalengka,-6.836,108.228,2021,3,2021-03,446.1,23.07
Majalengka,-6.836,108.228,2021,4,2021-04,171.9,22.81
Majalengka,-6.836,108.228,2021,5,2021-05,143.8,23.29
Majalengka,-6.836,108.228,2021,6,2021-06,162.6,22.78
Majalengka,-6.836,108.228,2021,7,2021-07,45.3,21.91
Majalengka,-6.836,108.228,2021,8,2021-08,72.2,22.33
Majalengka,-6.836,108.228,2021,9,2021-09,122.4,22.62
Majalengka,-6.836,108.228,2021,10,2021-10,194.7,23.37
Majalengka,-6.836,108.228,2021,11,2021-11,477.3,23.29
Majalengka,-6.836,108.228,2021,12,2021-12,345.0,23.29
Majalengka,-6.836,108.228,2022,1,2022-01,248.3,23.09
Majalengka,-6.836,108.228,2022,2,2022-02,236.0,22.91
Majalengka,-6.836,108.228,2022,3,2022-03,360.2,23.23
Majalengka,-6.836,108.228,2022,4,2022-04,354.0,23.37
Majalengka,-6.836,108.228,2022,5,2022-05,207.7,23.27
Majalengka,-6.836,108.228,2022,6,2022-06,155.1,22.45
Majalengka,-6.836,108.228,2022,7,2022-07,151.6,22.18
Majalengka,-6.836,108.228,2022,8,2022-08,71.9,22.32
Majalengka,-6.836,108.228,2022,9,2022-09,201.0,22.71
Majalengka,-6.836,108.228,2022,10,2022-10,332.3,22.82
Majalengka,-6.836,108.228,2022,11,2022-11,381.9,22.92
Majalengka,-6.836,108.228,2022,12,2022-12,271.2,22.78
Majalengka,-6.836,108.228,2023,1,2023-01,187.2,22.84
Majalengka,-6.836,108.228,2023,2,2023-02,287.0,22.34
Majalengka,-6.836,108.228,2023,3,2023-03,299.8,23.06
Majalengka,-6.836,108.228,2023,4,2023-04,281.4,23.55
Majalengka,-6.836,108.228,2023,5,2023-05,152.5,23.11
Majalengka,-6.836,108.228,2023,6,2023-06,108.6,22.81
Majalengka,-6.836,108.228,2023,7,2023-07,57.4,21.8
Majalengka,-6.836,108.228,2023,8,2023-08,11.8,21.5
Majalengka,-6.836,108.228,2023,9,2023-09,5.7,21.96
Majalengka,-6.836,108.228,2023,10,2023-10,38.4,24.01
Majalengka,-6.836,108.228,2023,11,2023-11,249.3,24.18
Majalengka,-6.836,108.228,2023,12,2023-12,237.5,24.16
Majalengka,-6.836,108.228,2024,1,2024-01,423.8,24.08
Majalengka,-6.836,108.228,2024,2,2024-02,367.1,24.32
Majalengka,-6.836,108.228,2024,3,2024-03,277.1,23.98
Majalengka,-6.836,108.228,2024,4,2024-04,272.1,24.23
Majalengka,-6.836,108.228,2024,5,2024-05,71.0,23.7
Majalengka,-6.836,108.228,2024,6,2024-06,115.8,23.27
Majalengka,-6.836,108.228,2024,7,2024-07,359.0,21.95
Majalengka,-6.836,108.228,2024,8,2024-08,53.9,21.88
Majalengka,-6.836,108.228,2024,9,2024-09,211.8,22.93
Majalengka,-6.836,108.228,2024,10,2024-10,98.6,23.86
Majalengka,-6.836,108.228,2024,11,2024-11,427.8,23.9
Majalengka,-6.836,108.228,2024,12,2024-12,252.0,23.57
Majalengka,-6.836,108.228,2025,1,2025-01,466.6,23.23
Majalengka,-6.836,108.228,2025,2,2025-02,287.3,23.19
Majalengka,-6.836,108.228,2025,3,2025-03,191.0,23.38
Majalengka,-6.836,108.228,2025,4,2025-04,201.6,23.28
Majalengka,-6.836,108.228,2025,5,2025-05,316.5,23.73
Majalengka,-6.836,108.228,2025,6,2025-06,295.8,22.79
Majalengka,-6.836,108.228,2025,7,2025-07,117.8,21.97
Majalengka,-6.836,108.228,2025,8,2025-08,249.6,22.39
Majalengka,-6.836,108.228,2025,9,2025-09,256.5,22.68
Majalengka,-6.836,108.228,2025,10,2025-10,408.9,23.13
Majalengka,-6.836,108.228,2025,11,2025-11,294.0,23.28
Majalengka,-6.836,108.228,2025,12,2025-12,200.9,23.31
Sumedang,-6.855,107.92,2021,1,2021-01,337.3,22.74
Sumedang,-6.855,107.92,2021,2,2021-02,443.2,22.66
Sumedang,-6.855,107.92,2021,3,2021-03,446.1,23.07
Sumedang,-6.855,107.92,2021,4,2021-04,171.9,22.81
Sumedang,-6.855,107.92,2021,5,2021-05,143.8,23.29
Sumedang,-6.855,107.92,2021,6,2021-06,162.6,22.78
Sumedang,-6.855,107.92,2021,7,2021-07,45.3,21.91
Sumedang,-6.855,107.92,2021,8,2021-08,72.2,22.33
Sumedang,-6.855,107.92,2021,9,2021-09,122.4,22.62
Sumedang,-6.855,107.92,2021,10,2021-10,194.7,23.37
Sumedang,-6.855,107.92,2021,11,2021-11,477.3,23.29
Sumedang,-6.855,107.92,2021,12,2021-12,345.0,23.29
Sumedang,-6.855,107.92,2022,1,2022-01,248.3,23.09
Sumedang,-6.855,107.92,2022,2,2022-02,236.0,22.91
Sumedang,-6.855,107.92,2022,3,2022-03,360.2,23.23
Sumedang,-6.855,107.92,2022,4,2022-04,354.0,23.37
Sumedang,-6.855,107.92,2022,5,2022-05,207.7,23.27
Sumedang,-6.855,107.92,2022,6,2022-06,155.1,22.45
Sumedang,-6.855,107.92,2022,7,2022-07,151.6,22.18
Sumedang,-6.855,107.92,2022,8,2022-08,71.9,22.32
Sumedang,-6.855,107.92,2022,9,2022-09,201.0,22.71
Sumedang,-6.855,107.92,2022,10,2022-10,332.3,22.82
Sumedang,-6.855,107.92,2022,11,2022-11,381.9,22.92
Sumedang,-6.855,107.92,2022,12,2022-12,271.2,22.78
Sumedang,-6.855,107.92,2023,1,2023-01,187.2,22.84
Sumedang,-6.855,107.92,2023,2,2023-02,287.0,22.34
Sumedang,-6.855,107.92,2023,3,2023-03,299.8,23.06
Sumedang,-6.855,107.92,2023,4,2023-04,281.4,23.55
Sumedang,-6.855,107.92,2023,5,2023-05,152.5,23.11
Sumedang,-6.855,107.92,2023,6,2023-06,108.6,22.81
Sumedang,-6.855,107.92,2023,7,2023-07,57.4,21.8
Sumedang,-6.855,107.92,2023,8,2023-08,11.8,21.5
Sumedang,-6.855,107.92,2023,9,2023-09,5.7,21.96
Sumedang,-6.855,107.92,2023,10,2023-10,38.4,24.01
Sumedang,-6.855,107.92,2023,11,2023-11,249.3,24.18
Sumedang,-6.855,107.92,2023,12,2023-12,237.5,24.16
Sumedang,-6.855,107.92,2024,1,2024-01,423.8,24.08
Sumedang,-6.855,107.92,2024,2,2024-02,367.1,24.32
Sumedang,-6.855,107.92,2024,3,2024-03,277.1,23.98
Sumedang,-6.855,107.92,2024,4,2024-04,272.1,24.23
Sumedang,-6.855,107.92,2024,5,2024-05,71.0,23.7
Sumedang,-6.855,107.92,2024,6,2024-06,115.8,23.27
Sumedang,-6.855,107.92,2024,7,2024-07,359.0,21.95
Sumedang,-6.855,107.92,2024,8,2024-08,53.9,21.88
Sumedang,-6.855,107.92,2024,9,2024-09,211.8,22.93
Sumedang,-6.855,107.92,2024,10,2024-10,98.6,23.86
Sumedang,-6.855,107.92,2024,11,2024-11,427.8,23.9
Sumedang,-6.855,107.92,2024,12,2024-12,252.0,23.57
Sumedang,-6.855,107.92,2025,1,2025-01,466.6,23.23
Sumedang,-6.855,107.92,2025,2,2025-02,287.3,23.19
Sumedang,-6.855,107.92,2025,3,2025-03,191.0,23.38
Sumedang,-6.855,107.92,2025,4,2025-04,201.6,23.28
Sumedang,-6.855,107.92,2025,5,2025-05,316.5,23.73
Sumedang,-6.855,107.92,2025,6,2025-06,295.8,22.79
Sumedang,-6.855,107.92,2025,7,2025-07,117.8,21.97
Sumedang,-6.855,107.92,2025,8,2025-08,249.6,22.39
Sumedang,-6.855,107.92,2025,9,2025-09,256.5,22.68
Sumedang,-6.855,107.92,2025,10,2025-10,408.9,23.13
Sumedang,-6.855,107.92,2025,11,2025-11,294.0,23.28
Sumedang,-6.855,107.92,2025,12,2025-12,200.9,23.31
Indramayu,-6.327,108.324,2021,1,2021-01,351.2,25.9
Indramayu,-6.327,108.324,2021,2,2021-02,518.0,25.92
Indramayu,-6.327,108.324,2021,3,2021-03,443.6,26.35
Indramayu,-6.327,108.324,2021,4,2021-04,174.6,26.39
Indramayu,-6.327,108.324,2021,5,2021-05,128.3,27.01
Indramayu,-6.327,108.324,2021,6,2021-06,122.7,26.6
Indramayu,-6.327,108.324,2021,7,2021-07,37.2,26.1
Indramayu,-6.327,108.324,2021,8,2021-08,61.7,26.48
Indramayu,-6.327,108.324,2021,9,2021-09,107.4,26.73
Indramayu,-6.327,108.324,2021,10,2021-10,156.2,27.65
Indramayu,-6.327,108.324,2021,11,2021-11,450.6,27.02
Indramayu,-6.327,108.324,2021,12,2021-12,367.0,26.75
Indramayu,-6.327,108.324,2022,1,2022-01,290.2,26.37
Indramayu,-6.327,108.324,2022,2,2022-02,251.4,26.28
Indramayu,-6.327,108.324,2022,3,2022-03,323.9,26.83
Indramayu,-6.327,108.324,2022,4,2022-04,344.4,26.94
Indramayu,-6.327,108.324,2022,5,2022-05,184.5,26.89
Indramayu,-6.327,108.324,2022,6,2022-06,132.0,26.15
Indramayu,-6.327,108.324,2022,7,2022-07,127.4,26.04
Indramayu,-6.327,108.324,2022,8,2022-08,55.8,26.25
Indramayu,-6.327,108.324,2022,9,2022-09,134.4,26.66
Indramayu,-6.327,108.324,2022,10,2022-10,309.1,26.66
Indramayu,-6.327,108.324,2022,11,2022-11,317.4,26.61
Indramayu,-6.327,108.324,2022,12,2022-12,261.0,26.34
Indramayu,-6.327,108.324,2023,1,2023-01,207.7,26.28
Indramayu,-6.327,108.324,2023,2,2023-02,338.2,25.68
Indramayu,-6.327,108.324,2023,3,2023-03,272.5,26.5
Indramayu,-6.327,108.324,2023,4,2023-04,263.1,27.1
Indramayu,-6.327,108.324,2023,5,2023-05,119.0,27.04
Indramayu,-6.327,108.324,2023,6,2023-06,91.2,26.73
Indramayu,-6.327,108.324,2023,7,2023-07,41.9,26.09
Indramayu,-6.327,108.324,2023,8,2023-08,9.9,26.03
Indramayu,-6.327,108.324,2023,9,2023-09,3.6,27.0
Indramayu,-6.327,108.324,2023,10,2023-10,31.0,29.07
Indramayu,-6.327,108.324,2023,11,2023-11,200.1,28.6
Indramayu,-6.327,108.324,2023,12,2023-12,211.4,28.09
Indramayu,-6.327,108.324,2024,1,2024-01,385.6,27.47
Indramayu,-6.327,108.324,2024,2,2024-02,355.0,27.32
Indramayu,-6.327,108.324,2024,3,2024-03,261.9,27.38
Indramayu,-6.327,108.324,2024,4,2024-04,257.1,27.92
Indramayu,-6.327,108.324,2024,5,2024-05,59.2,27.62
Indramayu,-6.327,108.324,2024,6,2024-06,91.5,27.21
Indramayu,-6.327,108.324,2024,7,2024-07,294.5,26.14
Indramayu,-6.327,108.324,2024,8,2024-08,40.9,26.31
Indramayu,-6.327,108.324,2024,9,2024-09,133.5,27.22
Indramayu,-6.327,108.324,2024,10,2024-10,75.0,28.24
Indramayu,-6.327,108.324,2024,11,2024-11,359.1,27.83
Indramayu,-6.327,108.324,2024,12,2024-12,242.7,27.01
Indramayu,-6.327,108.324,2025,1,2025-01,527.9,26.46
Indramayu,-6.327,108.324,2025,2,2025-02,283.1,26.31
Indramayu,-6.327,108.324,2025,3,2025-03,185.4,26.82
Indramayu,-6.327,108.324,2025,4,2025-04,202.8,27.03
Indramayu,-6.327,108.324,2025,5,2025-05,276.5,27.43
Indramayu,-6.327,108.324,2025,6,2025-06,233.4,26.62
Indramayu,-6.327,108.324,2025,7,2025-07,129.9,25.98
Indramayu,-6.327,108.324,2025,8,2025-08,205.8,26.2
Indramayu,-6.327,108.324,2025,9,2025-09,210.9,26.68
Indramayu,-6.327,108.324,2025,10,2025-10,312.2,27.16
Indramayu,-6.327,108.324,2025,11,2025-11,257.7,27.16
Indramayu,-6.327,108.324,2025,12,2025-12,203.0,26.72
Subang,-6.571,107.762,2021,1,2021-01,321.2,24.72
Subang,-6.571,107.762,2021,2,2021-02,538.4,24.73
Subang,-6.571,107.762,2021,3,2021-03,494.4,25.28
Subang,-6.571,107.762,2021,4,2021-04,230.1,25.31
Subang,-6.571,107.762,2021,5,2021-05,182.0,25.69
Subang,-6.571,107.762,2021,6,2021-06,154.8,25.32
Subang,-6.571,107.762,2021,7,2021-07,63.2,24.7
Subang,-6.571,107.762,2021,8,2021-08,93.0,25.19
Subang,-6.571,107.762,2021,9,2021-09,144.9,25.51
Subang,-6.571,107.762,2021,10,2021-10,225.4,26.44
Subang,-6.571,107.762,2021,11,2021-11,293.4,25.73
Subang,-6.571,107.762,2021,12,2021-12,312.5,25.63
Subang,-6.571,107.762,2022,1,2022-01,227.8,25.27
Subang,-6.571,107.762,2022,2,2022-02,226.5,25.06
Subang,-6.571,107.762,2022,3,2022-03,253.3,25.62
Subang,-6.571,107.762,2022,4,2022-04,307.2,25.78
Subang,-6.571,107.762,2022,5,2022-05,197.5,25.66
Subang,-6.571,107.762,2022,6,2022-06,162.0,24.95
Subang,-6.571,107.762,2022,7,2022-07,125.9,24.98
Subang,-6.571,107.762,2022,8,2022-08,112.8,25.27
Subang,-6.571,107.762,2022,9,2022-09,180.0,25.57
Subang,-6.571,107.762,2022,10,2022-10,303.5,25.58
Subang,-6.571,107.762,2022,11,2022-11,254.7,25.31
Subang,-6.571,107.762,2022,12,2022-12,253.9,25.3
Subang,-6.571,107.762,2023,1,2023-01,148.8,25.06
Subang,-6.571,107.762,2023,2,2023-02,404.9,24.41
Subang,-6.571,107.762,2023,3,2023-03,270.0,25.36
Subang,-6.571,107.762,2023,4,2023-04,162.0,25.94
Subang,-6.571,107.762,2023,5,2023-05,189.1,26.09
Subang,-6.571,107.762,2023,6,2023-06,123.9,25.78
Subang,-6.571,107.762,2023,7,2023-07,46.2,25.12
Subang,-6.571,107.762,2023,8,2023-08,20.2,24.93
Subang,-6.571,107.762,2023,9,2023-09,5.1,25.71
Subang,-6.571,107.762,2023,10,2023-10,47.4,27.73
Subang,-6.571,107.762,2023,11,2023-11,238.2,27.47
Subang,-6.571,107.762,2023,12,2023-12,157.2,26.97
Subang,-6.571,107.762,2024,1,2024-01,410.1,26.26
Subang,-6.571,107.762,2024,2,2024-02,386.0,26.36
Subang,-6.571,107.762,2024,3,2024-03,319.6,26.18
Subang,-6.571,107.762,2024,4,2024-04,254.4,26.84
Subang,-6.571,107.762,2024,5,2024-05,95.8,26.64
Subang,-6.571,107.762,2024,6,2024-06,186.6,26.04
Subang,-6.571,107.762,2024,7,2024-07,283.0,25.06
Subang,-6.571,107.762,2024,8,2024-08,67.3,25.33
Subang,-6.571,107.762,2024,9,2024-09,237.3,26.09
Subang,-6.571,107.762,2024,10,2024-10,71.3,27.02
Subang,-6.571,107.762,2024,11,2024-11,338.7,26.55
Subang,-6.571,107.762,2024,12,2024-12,318.7,25.66
Subang,-6.571,107.762,2025,1,2025-01,474.3,25.27
Subang,-6.571,107.762,2025,2,2025-02,252.0,25.22
Subang,-6.571,107.762,2025,3,2025-03,220.1,25.53
Subang,-6.571,107.762,2025,4,2025-04,174.9,26.04
Subang,-6.571,107.762,2025,5,2025-05,205.8,26.41
Subang,-6.571,107.762,2025,6,2025-06,240.0,25.57
Subang,-6.571,107.762,2025,7,2025-07,186.9,25.13
Subang,-6.571,107.762,2025,8,2025-08,212.7,25.19
Subang,-6.571,107.762,2025,9,2025-09,201.9,25.81
Subang,-6.571,107.762,2025,10,2025-10,250.2,26.13
Subang,-6.571,107.762,2025,11,2025-11,177.3,26.08
Subang,-6.571,107.762,2025,12,2025-12,235.3,25.56
Purwakarta,-6.556,107.443,2021,1,2021-01,321.2,24.72
Purwakarta,-6.556,107.443,2021,2,2021-02,538.4,24.73
Purwakarta,-6.556,107.443,2021,3,2021-03,494.4,25.28
Purwakarta,-6.556,107.443,2021,4,2021-04,230.1,25.31
Purwakarta,-6.556,107.443,2021,5,2021-05,182.0,25.69
Purwakarta,-6.556,107.443,2021,6,2021-06,154.8,25.32
Purwakarta,-6.556,107.443,2021,7,2021-07,63.2,24.7
Purwakarta,-6.556,107.443,2021,8,2021-08,93.0,25.19
Purwakarta,-6.556,107.443,2021,9,2021-09,144.9,25.51
Purwakarta,-6.556,107.443,2021,10,2021-10,225.4,26.44
Purwakarta,-6.556,107.443,2021,11,2021-11,293.4,25.73
Purwakarta,-6.556,107.443,2021,12,2021-12,312.5,25.63
Purwakarta,-6.556,107.443,2022,1,2022-01,227.8,25.27
Purwakarta,-6.556,107.443,2022,2,2022-02,226.5,25.06
Purwakarta,-6.556,107.443,2022,3,2022-03,253.3,25.62
Purwakarta,-6.556,107.443,2022,4,2022-04,307.2,25.78
Purwakarta,-6.556,107.443,2022,5,2022-05,197.5,25.66
Purwakarta,-6.556,107.443,2022,6,2022-06,162.0,24.95
Purwakarta,-6.556,107.443,2022,7,2022-07,125.9,24.98
Purwakarta,-6.556,107.443,2022,8,2022-08,112.8,25.27
Purwakarta,-6.556,107.443,2022,9,2022-09,180.0,25.57
Purwakarta,-6.556,107.443,2022,10,2022-10,303.5,25.58
Purwakarta,-6.556,107.443,2022,11,2022-11,254.7,25.31
Purwakarta,-6.556,107.443,2022,12,2022-12,253.9,25.3
Purwakarta,-6.556,107.443,2023,1,2023-01,148.8,25.06
Purwakarta,-6.556,107.443,2023,2,2023-02,404.9,24.41
Purwakarta,-6.556,107.443,2023,3,2023-03,270.0,25.36
Purwakarta,-6.556,107.443,2023,4,2023-04,162.0,25.94
Purwakarta,-6.556,107.443,2023,5,2023-05,189.1,26.09
Purwakarta,-6.556,107.443,2023,6,2023-06,123.9,25.78
Purwakarta,-6.556,107.443,2023,7,2023-07,46.2,25.12
Purwakarta,-6.556,107.443,2023,8,2023-08,20.2,24.93
Purwakarta,-6.556,107.443,2023,9,2023-09,5.1,25.71
Purwakarta,-6.556,107.443,2023,10,2023-10,47.4,27.73
Purwakarta,-6.556,107.443,2023,11,2023-11,238.2,27.47
Purwakarta,-6.556,107.443,2023,12,2023-12,157.2,26.97
Purwakarta,-6.556,107.443,2024,1,2024-01,410.1,26.26
Purwakarta,-6.556,107.443,2024,2,2024-02,386.0,26.36
Purwakarta,-6.556,107.443,2024,3,2024-03,319.6,26.18
Purwakarta,-6.556,107.443,2024,4,2024-04,254.4,26.84
Purwakarta,-6.556,107.443,2024,5,2024-05,95.8,26.64
Purwakarta,-6.556,107.443,2024,6,2024-06,186.6,26.04
Purwakarta,-6.556,107.443,2024,7,2024-07,283.0,25.06
Purwakarta,-6.556,107.443,2024,8,2024-08,67.3,25.33
Purwakarta,-6.556,107.443,2024,9,2024-09,237.3,26.09
Purwakarta,-6.556,107.443,2024,10,2024-10,71.3,27.02
Purwakarta,-6.556,107.443,2024,11,2024-11,338.7,26.55
Purwakarta,-6.556,107.443,2024,12,2024-12,318.7,25.66
Purwakarta,-6.556,107.443,2025,1,2025-01,474.3,25.27
Purwakarta,-6.556,107.443,2025,2,2025-02,252.0,25.22
Purwakarta,-6.556,107.443,2025,3,2025-03,220.1,25.53
Purwakarta,-6.556,107.443,2025,4,2025-04,174.9,26.04
Purwakarta,-6.556,107.443,2025,5,2025-05,205.8,26.41
Purwakarta,-6.556,107.443,2025,6,2025-06,240.0,25.57
Purwakarta,-6.556,107.443,2025,7,2025-07,186.9,25.13
Purwakarta,-6.556,107.443,2025,8,2025-08,212.7,25.19
Purwakarta,-6.556,107.443,2025,9,2025-09,201.9,25.81
Purwakarta,-6.556,107.443,2025,10,2025-10,250.2,26.13
Purwakarta,-6.556,107.443,2025,11,2025-11,177.3,26.08
Purwakarta,-6.556,107.443,2025,12,2025-12,235.3,25.56
Karawang,-6.321,107.339,2021,1,2021-01,321.2,24.72
Karawang,-6.321,107.339,2021,2,2021-02,538.4,24.73
Karawang,-6.321,107.339,2021,3,2021-03,494.4,25.28
Karawang,-6.321,107.339,2021,4,2021-04,230.1,25.31
Karawang,-6.321,107.339,2021,5,2021-05,182.0,25.69
Karawang,-6.321,107.339,2021,6,2021-06,154.8,25.32
Karawang,-6.321,107.339,2021,7,2021-07,63.2,24.7
Karawang,-6.321,107.339,2021,8,2021-08,93.0,25.19
Karawang,-6.321,107.339,2021,9,2021-09,144.9,25.51
Karawang,-6.321,107.339,2021,10,2021-10,225.4,26.44
Karawang,-6.321,107.339,2021,11,2021-11,293.4,25.73
Karawang,-6.321,107.339,2021,12,2021-12,312.5,25.63
Karawang,-6.321,107.339,2022,1,2022-01,227.8,25.27
Karawang,-6.321,107.339,2022,2,2022-02,226.5,25.06
Karawang,-6.321,107.339,2022,3,2022-03,253.3,25.62
Karawang,-6.321,107.339,2022,4,2022-04,307.2,25.78
Karawang,-6.321,107.339,2022,5,2022-05,197.5,25.66
Karawang,-6.321,107.339,2022,6,2022-06,162.0,24.95
Karawang,-6.321,107.339,2022,7,2022-07,125.9,24.98
Karawang,-6.321,107.339,2022,8,2022-08,112.8,25.27
Karawang,-6.321,107.339,2022,9,2022-09,180.0,25.57
Karawang,-6.321,107.339,2022,10,2022-10,303.5,25.58
Karawang,-6.321,107.339,2022,11,2022-11,254.7,25.31
Karawang,-6.321,107.339,2022,12,2022-12,253.9,25.3
Karawang,-6.321,107.339,2023,1,2023-01,148.8,25.06
Karawang,-6.321,107.339,2023,2,2023-02,404.9,24.41
Karawang,-6.321,107.339,2023,3,2023-03,270.0,25.36
Karawang,-6.321,107.339,2023,4,2023-04,162.0,25.94
Karawang,-6.321,107.339,2023,5,2023-05,189.1,26.09
Karawang,-6.321,107.339,2023,6,2023-06,123.9,25.78
Karawang,-6.321,107.339,2023,7,2023-07,46.2,25.12
Karawang,-6.321,107.339,2023,8,2023-08,20.2,24.93
Karawang,-6.321,107.339,2023,9,2023-09,5.1,25.71
Karawang,-6.321,107.339,2023,10,2023-10,47.4,27.73
Karawang,-6.321,107.339,2023,11,2023-11,238.2,27.47
Karawang,-6.321,107.339,2023,12,2023-12,157.2,26.97
Karawang,-6.321,107.339,2024,1,2024-01,410.1,26.26
Karawang,-6.321,107.339,2024,2,2024-02,386.0,26.36
Karawang,-6.321,107.339,2024,3,2024-03,319.6,26.18
Karawang,-6.321,107.339,2024,4,2024-04,254.4,26.84
Karawang,-6.321,107.339,2024,5,2024-05,95.8,26.64
Karawang,-6.321,107.339,2024,6,2024-06,186.6,26.04
Karawang,-6.321,107.339,2024,7,2024-07,283.0,25.06
Karawang,-6.321,107.339,2024,8,2024-08,67.3,25.33
Karawang,-6.321,107.339,2024,9,2024-09,237.3,26.09
Karawang,-6.321,107.339,2024,10,2024-10,71.3,27.02
Karawang,-6.321,107.339,2024,11,2024-11,338.7,26.55
Karawang,-6.321,107.339,2024,12,2024-12,318.7,25.66
Karawang,-6.321,107.339,2025,1,2025-01,474.3,25.27
Karawang,-6.321,107.339,2025,2,2025-02,252.0,25.22
Karawang,-6.321,107.339,2025,3,2025-03,220.1,25.53
Karawang,-6.321,107.339,2025,4,2025-04,174.9,26.04
Karawang,-6.321,107.339,2025,5,2025-05,205.8,26.41
Karawang,-6.321,107.339,2025,6,2025-06,240.0,25.57
Karawang,-6.321,107.339,2025,7,2025-07,186.9,25.13
Karawang,-6.321,107.339,2025,8,2025-08,212.7,25.19
Karawang,-6.321,107.339,2025,9,2025-09,201.9,25.81
Karawang,-6.321,107.339,2025,10,2025-10,250.2,26.13
Karawang,-6.321,107.339,2025,11,2025-11,177.3,26.08
Karawang,-6.321,107.339,2025,12,2025-12,235.3,25.56
Bekasi,-6.374,107.13,2021,1,2021-01,315.0,24.03
Bekasi,-6.374,107.13,2021,2,2021-02,551.3,24.11
Bekasi,-6.374,107.13,2021,3,2021-03,484.5,24.56
Bekasi,-6.374,107.13,2021,4,2021-04,206.7,24.74
Bekasi,-6.374,107.13,2021,5,2021-05,166.8,25.25
Bekasi,-6.374,107.13,2021,6,2021-06,158.7,24.78
Bekasi,-6.374,107.13,2021,7,2021-07,59.8,24.26
Bekasi,-6.374,107.13,2021,8,2021-08,86.8,24.73
Bekasi,-6.374,107.13,2021,9,2021-09,140.1,25.17
Bekasi,-6.374,107.13,2021,10,2021-10,213.9,25.63
Bekasi,-6.374,107.13,2021,11,2021-11,319.2,24.86
Bekasi,-6.374,107.13,2021,12,2021-12,311.9,24.69
Bekasi,-6.374,107.13,2022,1,2022-01,219.5,24.48
Bekasi,-6.374,107.13,2022,2,2022-02,227.6,24.29
Bekasi,-6.374,107.13,2022,3,2022-03,256.1,24.74
Bekasi,-6.374,107.13,2022,4,2022-04,322.8,25.0
Bekasi,-6.374,107.13,2022,5,2022-05,187.9,25.04
Bekasi,-6.374,107.13,2022,6,2022-06,159.9,24.33
Bekasi,-6.374,107.13,2022,7,2022-07,124.3,24.57
Bekasi,-6.374,107.13,2022,8,2022-08,105.1,24.89
Bekasi,-6.374,107.13,2022,9,2022-09,173.7,25.04
Bekasi,-6.374,107.13,2022,10,2022-10,297.0,24.63
Bekasi,-6.374,107.13,2022,11,2022-11,261.6,24.57
Bekasi,-6.374,107.13,2022,12,2022-12,257.0,24.49
Bekasi,-6.374,107.13,2023,1,2023-01,142.9,24.26
Bekasi,-6.374,107.13,2023,2,2023-02,383.3,23.8
Bekasi,-6.374,107.13,2023,3,2023-03,261.0,24.7
Bekasi,-6.374,107.13,2023,4,2023-04,160.5,25.07
Bekasi,-6.374,107.13,2023,5,2023-05,169.3,25.58
Bekasi,-6.374,107.13,2023,6,2023-06,114.9,25.23
Bekasi,-6.374,107.13,2023,7,2023-07,43.4,24.74
Bekasi,-6.374,107.13,2023,8,2023-08,17.7,24.69
Bekasi,-6.374,107.13,2023,9,2023-09,4.8,25.36
Bekasi,-6.374,107.13,2023,10,2023-10,44.9,27.1
Bekasi,-6.374,107.13,2023,11,2023-11,232.5,26.8
Bekasi,-6.374,107.13,2023,12,2023-12,163.1,26.12
Bekasi,-6.374,107.13,2024,1,2024-01,403.6,25.48
Bekasi,-6.374,107.13,2024,2,2024-02,365.1,25.6
Bekasi,-6.374,107.13,2024,3,2024-03,314.0,25.43
Bekasi,-6.374,107.13,2024,4,2024-04,245.4,26.27
Bekasi,-6.374,107.13,2024,5,2024-05,95.8,26.3
Bekasi,-6.374,107.13,2024,6,2024-06,165.0,25.56
Bekasi,-6.374,107.13,2024,7,2024-07,280.6,24.69
Bekasi,-6.374,107.13,2024,8,2024-08,62.9,25.01
Bekasi,-6.374,107.13,2024,9,2024-09,205.8,25.55
Bekasi,-6.374,107.13,2024,10,2024-10,80.0,26.3
Bekasi,-6.374,107.13,2024,11,2024-11,339.0,25.79
Bekasi,-6.374,107.13,2024,12,2024-12,313.4,24.96
Bekasi,-6.374,107.13,2025,1,2025-01,482.1,24.55
Bekasi,-6.374,107.13,2025,2,2025-02,250.9,24.49
Bekasi,-6.374,107.13,2025,3,2025-03,219.8,24.89
Bekasi,-6.374,107.13,2025,4,2025-04,183.9,25.34
Bekasi,-6.374,107.13,2025,5,2025-05,227.2,25.68
Bekasi,-6.374,107.13,2025,6,2025-06,233.1,25.02
Bekasi,-6.374,107.13,2025,7,2025-07,170.5,24.78
Bekasi,-6.374,107.13,2025,8,2025-08,201.8,24.68
Bekasi,-6.374,107.13,2025,9,2025-09,195.0,25.31
Bekasi,-6.374,107.13,2025,10,2025-10,251.7,25.39
Bekasi,-6.374,107.13,2025,11,2025-11,177.9,24.9
Bekasi,-6.374,107.13,2025,12,2025-12,225.7,24.83
Bandung Barat,-6.917,107.425,2021,1,2021-01,343.5,21.03
Bandung Barat,-6.917,107.425,2021,2,2021-02,454.7,21.05
Bandung Barat,-6.917,107.425,2021,3,2021-03,607.9,21.45
Bandung Barat,-6.917,107.425,2021,4,2021-04,213.9,21.44
Bandung Barat,-6.917,107.425,2021,5,2021-05,204.0,22.11
Bandung Barat,-6.917,107.425,2021,6,2021-06,258.3,21.58
Bandung Barat,-6.917,107.425,2021,7,2021-07,75.3,20.67
Bandung Barat,-6.917,107.425,2021,8,2021-08,114.1,21.21
Bandung Barat,-6.917,107.425,2021,9,2021-09,168.6,21.57
Bandung Barat,-6.917,107.425,2021,10,2021-10,294.5,22.29
Bandung Barat,-6.917,107.425,2021,11,2021-11,453.0,21.77
Bandung Barat,-6.917,107.425,2021,12,2021-12,372.6,21.72
Bandung Barat,-6.917,107.425,2022,1,2022-01,217.6,21.42
Bandung Barat,-6.917,107.425,2022,2,2022-02,247.2,21.2
Bandung Barat,-6.917,107.425,2022,3,2022-03,306.0,21.67
Bandung Barat,-6.917,107.425,2022,4,2022-04,362.7,22.01
Bandung Barat,-6.917,107.425,2022,5,2022-05,250.5,22.02
Bandung Barat,-6.917,107.425,2022,6,2022-06,212.1,21.24
Bandung Barat,-6.917,107.425,2022,7,2022-07,200.3,21.17
Bandung Barat,-6.917,107.425,2022,8,2022-08,138.3,21.36
Bandung Barat,-6.917,107.425,2022,9,2022-09,300.9,21.66
Bandung Barat,-6.917,107.425,2022,10,2022-10,425.6,21.64
Bandung Barat,-6.917,107.425,2022,11,2022-11,413.4,21.42
Bandung Barat,-6.917,107.425,2022,12,2022-12,344.4,21.39
Bandung Barat,-6.917,107.425,2023,1,2023-01,168.6,21.18
Bandung Barat,-6.917,107.425,2023,2,2023-02,359.0,20.58
Bandung Barat,-6.917,107.425,2023,3,2023-03,332.0,21.69
Bandung Barat,-6.917,107.425,2023,4,2023-04,268.8,22.05
Bandung Barat,-6.917,107.425,2023,5,2023-05,223.5,22.18
Bandung Barat,-6.917,107.425,2023,6,2023-06,148.5,21.82
Bandung Barat,-6.917,107.425,2023,7,2023-07,76.9,21.0
Bandung Barat,-6.917,107.425,2023,8,2023-08,18.9,20.75
Bandung Barat,-6.917,107.425,2023,9,2023-09,6.9,21.14
Bandung Barat,-6.917,107.425,2023,10,2023-10,52.4,22.81
Bandung Barat,-6.917,107.425,2023,11,2023-11,357.3,23.13
Bandung Barat,-6.917,107.425,2023,12,2023-12,255.1,22.87
Bandung Barat,-6.917,107.425,2024,1,2024-01,596.4,22.44
Bandung Barat,-6.917,107.425,2024,2,2024-02,455.0,22.72
Bandung Barat,-6.917,107.425,2024,3,2024-03,414.2,22.41
Bandung Barat,-6.917,107.425,2024,4,2024-04,318.6,23.16
Bandung Barat,-6.917,107.425,2024,5,2024-05,128.3,22.81
Bandung Barat,-6.917,107.425,2024,6,2024-06,220.5,22.17
Bandung Barat,-6.917,107.425,2024,7,2024-07,306.6,21.03
Bandung Barat,-6.917,107.425,2024,8,2024-08,79.7,21.08
Bandung Barat,-6.917,107.425,2024,9,2024-09,328.8,21.89
Bandung Barat,-6.917,107.425,2024,10,2024-10,83.7,22.63
Bandung Barat,-6.917,107.425,2024,11,2024-11,531.9,22.6
Bandung Barat,-6.917,107.425,2024,12,2024-12,330.5,21.77
Bandung Barat,-6.917,107.425,2025,1,2025-01,457.6,21.49
Bandung Barat,-6.917,107.425,2025,2,2025-02,290.1,21.53
Bandung Barat,-6.917,107.425,2025,3,2025-03,257.0,21.83
Bandung Barat,-6.917,107.425,2025,4,2025-04,218.7,22.09
Bandung Barat,-6.917,107.425,2025,5,2025-05,290.5,22.42
Bandung Barat,-6.917,107.425,2025,6,2025-06,288.9,21.72
Bandung Barat,-6.917,107.425,2025,7,2025-07,164.6,21.12
Bandung Barat,-6.917,107.425,2025,8,2025-08,271.9,21.32
Bandung Barat,-6.917,107.425,2025,9,2025-09,254.1,21.72
Bandung Barat,-6.917,107.425,2025,10,2025-10,341.9,22.02
Bandung Barat,-6.917,107.425,2025,11,2025-11,219.3,21.81
Bandung Barat,-6.917,107.425,2025,12,2025-12,239.9,21.82
Pangandaran,-7.689,108.65,2021,1,2021-01,355.3,25.6
Pangandaran,-7.689,108.65,2021,2,2021-02,467.9,25.65
Pangandaran,-7.689,108.65,2021,3,2021-03,288.0,25.8
Pangandaran,-7.689,108.65,2021,4,2021-04,152.7,25.75
Pangandaran,-7.689,108.65,2021,5,2021-05,88.4,25.88
Pangandaran,-7.689,108.65,2021,6,2021-06,253.5,25.56
Pangandaran,-7.689,108.65,2021,7,2021-07,55.8,24.79
Pangandaran,-7.689,108.65,2021,8,2021-08,92.7,24.67
Pangandaran,-7.689,108.65,2021,9,2021-09,151.8,24.9
Pangandaran,-7.689,108.65,2021,10,2021-10,187.2,25.34
Pangandaran,-7.689,108.65,2021,11,2021-11,469.8,25.67
Pangandaran,-7.689,108.65,2021,12,2021-12,329.2,25.76
Pangandaran,-7.689,108.65,2022,1,2022-01,312.8,25.83
Pangandaran,-7.689,108.65,2022,2,2022-02,262.6,25.77
Pangandaran,-7.689,108.65,2022,3,2022-03,403.3,25.84
Pangandaran,-7.689,108.65,2022,4,2022-04,287.4,25.98
Pangandaran,-7.689,108.65,2022,5,2022-05,192.8,26.3
Pangandaran,-7.689,108.65,2022,6,2022-06,217.8,25.28
Pangandaran,-7.689,108.65,2022,7,2022-07,182.9,24.67
Pangandaran,-7.689,108.65,2022,8,2022-08,124.3,24.51
Pangandaran,-7.689,108.65,2022,9,2022-09,408.3,24.89
Pangandaran,-7.689,108.65,2022,10,2022-10,294.2,24.74
Pangandaran,-7.689,108.65,2022,11,2022-11,521.1,25.11
Pangandaran,-7.689,108.65,2022,12,2022-12,324.3,25.31
Pangandaran,-7.689,108.65,2023,1,2023-01,202.7,25.43
Pangandaran,-7.689,108.65,2023,2,2023-02,206.6,25.52
Pangandaran,-7.689,108.65,2023,3,2023-03,237.5,25.75
Pangandaran,-7.689,108.65,2023,4,2023-04,341.7,25.86
Pangandaran,-7.689,108.65,2023,5,2023-05,145.1,25.55
Pangandaran,-7.689,108.65,2023,6,2023-06,121.5,25.03
Pangandaran,-7.689,108.65,2023,7,2023-07,101.4,23.83
Pangandaran,-7.689,108.65,2023,8,2023-08,7.1,23.36
Pangandaran,-7.689,108.65,2023,9,2023-09,2.4,23.77
Pangandaran,-7.689,108.65,2023,10,2023-10,13.0,25.97
Pangandaran,-7.689,108.65,2023,11,2023-11,245.1,26.16
Pangandaran,-7.689,108.65,2023,12,2023-12,164.3,26.17
Pangandaran,-7.689,108.65,2024,1,2024-01,372.0,26.61
Pangandaran,-7.689,108.65,2024,2,2024-02,282.8,26.91
Pangandaran,-7.689,108.65,2024,3,2024-03,253.0,26.61
Pangandaran,-7.689,108.65,2024,4,2024-04,261.9,26.63
Pangandaran,-7.689,108.65,2024,5,2024-05,47.7,25.84
Pangandaran,-7.689,108.65,2024,6,2024-06,190.2,25.72
Pangandaran,-7.689,108.65,2024,7,2024-07,114.7,24.35
Pangandaran,-7.689,108.65,2024,8,2024-08,29.1,23.78
Pangandaran,-7.689,108.65,2024,9,2024-09,165.3,25.01
Pangandaran,-7.689,108.65,2024,10,2024-10,169.0,26.16
Pangandaran,-7.689,108.65,2024,11,2024-11,389.1,26.28
Pangandaran,-7.689,108.65,2024,12,2024-12,335.1,26.32
Pangandaran,-7.689,108.65,2025,1,2025-01,349.4,26.15
Pangandaran,-7.689,108.65,2025,2,2025-02,238.8,26.14
Pangandaran,-7.689,108.65,2025,3,2025-03,159.7,26.29
Pangandaran,-7.689,108.65,2025,4,2025-04,212.4,26.07
Pangandaran,-7.689,108.65,2025,5,2025-05,396.8,26.13
Pangandaran,-7.689,108.65,2025,6,2025-06,288.0,25.56
Pangandaran,-7.689,108.65,2025,7,2025-07,70.1,24.31
Pangandaran,-7.689,108.65,2025,8,2025-08,267.5,24.85
Pangandaran,-7.689,108.65,2025,9,2025-09,312.0,25.03
Pangandaran,-7.689,108.65,2025,10,2025-10,498.8,25.63
Pangandaran,-7.689,108.65,2025,11,2025-11,443.1,25.36
Pangandaran,-7.689,108.65,2025,12,2025-12,280.2,25.78
Kota Bogor,-6.597,106.806,2021,1,2021-01,315.0,24.03
Kota Bogor,-6.597,106.806,2021,2,2021-02,551.3,24.11
Kota Bogor,-6.597,106.806,2021,3,2021-03,484.5,24.56
Kota Bogor,-6.597,106.806,2021,4,2021-04,206.7,24.74
Kota Bogor,-6.597,106.806,2021,5,2021-05,166.8,25.25
Kota Bogor,-6.597,106.806,2021,6,2021-06,158.7,24.78
Kota Bogor,-6.597,106.806,2021,7,2021-07,59.8,24.26
Kota Bogor,-6.597,106.806,2021,8,2021-08,86.8,24.73
Kota Bogor,-6.597,106.806,2021,9,2021-09,140.1,25.17
Kota Bogor,-6.597,106.806,2021,10,2021-10,213.9,25.63
Kota Bogor,-6.597,106.806,2021,11,2021-11,319.2,24.86
Kota Bogor,-6.597,106.806,2021,12,2021-12,311.9,24.69
Kota Bogor,-6.597,106.806,2022,1,2022-01,219.5,24.48
Kota Bogor,-6.597,106.806,2022,2,2022-02,227.6,24.29
Kota Bogor,-6.597,106.806,2022,3,2022-03,256.1,24.74
Kota Bogor,-6.597,106.806,2022,4,2022-04,322.8,25.0
Kota Bogor,-6.597,106.806,2022,5,2022-05,187.9,25.04
Kota Bogor,-6.597,106.806,2022,6,2022-06,159.9,24.33
Kota Bogor,-6.597,106.806,2022,7,2022-07,124.3,24.57
Kota Bogor,-6.597,106.806,2022,8,2022-08,105.1,24.89
Kota Bogor,-6.597,106.806,2022,9,2022-09,173.7,25.04
Kota Bogor,-6.597,106.806,2022,10,2022-10,297.0,24.63
Kota Bogor,-6.597,106.806,2022,11,2022-11,261.6,24.57
Kota Bogor,-6.597,106.806,2022,12,2022-12,257.0,24.49
Kota Bogor,-6.597,106.806,2023,1,2023-01,142.9,24.26
Kota Bogor,-6.597,106.806,2023,2,2023-02,383.3,23.8
Kota Bogor,-6.597,106.806,2023,3,2023-03,261.0,24.7
Kota Bogor,-6.597,106.806,2023,4,2023-04,160.5,25.07
Kota Bogor,-6.597,106.806,2023,5,2023-05,169.3,25.58
Kota Bogor,-6.597,106.806,2023,6,2023-06,114.9,25.23
Kota Bogor,-6.597,106.806,2023,7,2023-07,43.4,24.74
Kota Bogor,-6.597,106.806,2023,8,2023-08,17.7,24.69
Kota Bogor,-6.597,106.806,2023,9,2023-09,4.8,25.36
Kota Bogor,-6.597,106.806,2023,10,2023-10,44.9,27.1
Kota Bogor,-6.597,106.806,2023,11,2023-11,232.5,26.8
Kota Bogor,-6.597,106.806,2023,12,2023-12,163.1,26.12
Kota Bogor,-6.597,106.806,2024,1,2024-01,403.6,25.48
Kota Bogor,-6.597,106.806,2024,2,2024-02,365.1,25.6
Kota Bogor,-6.597,106.806,2024,3,2024-03,314.0,25.43
Kota Bogor,-6.597,106.806,2024,4,2024-04,245.4,26.27
Kota Bogor,-6.597,106.806,2024,5,2024-05,95.8,26.3
Kota Bogor,-6.597,106.806,2024,6,2024-06,165.0,25.56
Kota Bogor,-6.597,106.806,2024,7,2024-07,280.6,24.69
Kota Bogor,-6.597,106.806,2024,8,2024-08,62.9,25.01
Kota Bogor,-6.597,106.806,2024,9,2024-09,205.8,25.55
Kota Bogor,-6.597,106.806,2024,10,2024-10,80.0,26.3
Kota Bogor,-6.597,106.806,2024,11,2024-11,339.0,25.79
Kota Bogor,-6.597,106.806,2024,12,2024-12,313.4,24.96
Kota Bogor,-6.597,106.806,2025,1,2025-01,482.1,24.55
Kota Bogor,-6.597,106.806,2025,2,2025-02,250.9,24.49
Kota Bogor,-6.597,106.806,2025,3,2025-03,219.8,24.89
Kota Bogor,-6.597,106.806,2025,4,2025-04,183.9,25.34
Kota Bogor,-6.597,106.806,2025,5,2025-05,227.2,25.68
Kota Bogor,-6.597,106.806,2025,6,2025-06,233.1,25.02
Kota Bogor,-6.597,106.806,2025,7,2025-07,170.5,24.78
Kota Bogor,-6.597,106.806,2025,8,2025-08,201.8,24.68
Kota Bogor,-6.597,106.806,2025,9,2025-09,195.0,25.31
Kota Bogor,-6.597,106.806,2025,10,2025-10,251.7,25.39
Kota Bogor,-6.597,106.806,2025,11,2025-11,177.9,24.9
Kota Bogor,-6.597,106.806,2025,12,2025-12,225.7,24.83
Kota Sukabumi,-6.918,106.927,2021,1,2021-01,318.7,23.36
Kota Sukabumi,-6.918,106.927,2021,2,2021-02,402.6,23.46
Kota Sukabumi,-6.918,106.927,2021,3,2021-03,523.9,23.78
Kota Sukabumi,-6.918,106.927,2021,4,2021-04,210.6,23.97
Kota Sukabumi,-6.918,106.927,2021,5,2021-05,202.7,24.62
Kota Sukabumi,-6.918,106.927,2021,6,2021-06,256.2,24.06
Kota Sukabumi,-6.918,106.927,2021,7,2021-07,77.5,23.51
Kota Sukabumi,-6.918,106.927,2021,8,2021-08,111.3,23.8
Kota Sukabumi,-6.918,106.927,2021,9,2021-09,175.2,24.12
Kota Sukabumi,-6.918,106.927,2021,10,2021-10,299.8,24.47
Kota Sukabumi,-6.918,106.927,2021,11,2021-11,455.7,23.81
Kota Sukabumi,-6.918,106.927,2021,12,2021-12,340.4,23.84
Kota Sukabumi,-6.918,106.927,2022,1,2022-01,203.4,23.69
Kota Sukabumi,-6.918,106.927,2022,2,2022-02,229.9,23.57
Kota Sukabumi,-6.918,106.927,2022,3,2022-03,303.8,23.98
Kota Sukabumi,-6.918,106.927,2022,4,2022-04,354.9,24.18
Kota Sukabumi,-6.918,106.927,2022,5,2022-05,241.2,24.49
Kota Sukabumi,-6.918,106.927,2022,6,2022-06,230.4,23.68
Kota Sukabumi,-6.918,106.927,2022,7,2022-07,166.5,23.78
Kota Sukabumi,-6.918,106.927,2022,8,2022-08,139.2,23.78
Kota Sukabumi,-6.918,106.927,2022,9,2022-09,290.1,24.06
Kota Sukabumi,-6.918,106.927,2022,10,2022-10,436.5,23.56
Kota Sukabumi,-6.918,106.927,2022,11,2022-11,423.9,23.59
Kota Sukabumi,-6.918,106.927,2022,12,2022-12,323.3,23.58
Kota Sukabumi,-6.918,106.927,2023,1,2023-01,173.0,23.46
Kota Sukabumi,-6.918,106.927,2023,2,2023-02,337.7,23.16
Kota Sukabumi,-6.918,106.927,2023,3,2023-03,303.2,24.0
Kota Sukabumi,-6.918,106.927,2023,4,2023-04,255.3,24.2
Kota Sukabumi,-6.918,106.927,2023,5,2023-05,198.7,24.58
Kota Sukabumi,-6.918,106.927,2023,6,2023-06,130.8,24.19
Kota Sukabumi,-6.918,106.927,2023,7,2023-07,73.2,23.42
Kota Sukabumi,-6.918,106.927,2023,8,2023-08,18.0,23.14
Kota Sukabumi,-6.918,106.927,2023,9,2023-09,6.6,23.36
Kota Sukabumi,-6.918,106.927,2023,10,2023-10,52.7,25.15
Kota Sukabumi,-6.918,106.927,2023,11,2023-11,336.3,25.32
Kota Sukabumi,-6.918,106.927,2023,12,2023-12,263.5,24.67
Kota Sukabumi,-6.918,106.927,2024,1,2024-01,475.8,24.58
Kota Sukabumi,-6.918,106.927,2024,2,2024-02,408.6,24.8
Kota Sukabumi,-6.918,106.927,2024,3,2024-03,388.1,24.67
Kota Sukabumi,-6.918,106.927,2024,4,2024-04,342.0,25.45
Kota Sukabumi,-6.918,106.927,2024,5,2024-05,143.2,25.22
Kota Sukabumi,-6.918,106.927,2024,6,2024-06,204.6,24.74
Kota Sukabumi,-6.918,106.927,2024,7,2024-07,377.3,23.63
Kota Sukabumi,-6.918,106.927,2024,8,2024-08,82.8,23.47
Kota Sukabumi,-6.918,106.927,2024,9,2024-09,279.3,24.16
Kota Sukabumi,-6.918,106.927,2024,10,2024-10,72.2,25.02
Kota Sukabumi,-6.918,106.927,2024,11,2024-11,544.5,24.88
Kota Sukabumi,-6.918,106.927,2024,12,2024-12,332.6,24.16
Kota Sukabumi,-6.918,106.927,2025,1,2025-01,438.7,23.8
Kota Sukabumi,-6.918,106.927,2025,2,2025-02,244.4,23.84
Kota Sukabumi,-6.918,106.927,2025,3,2025-03,259.5,24.27
Kota Sukabumi,-6.918,106.927,2025,4,2025-04,213.3,24.49
Kota Sukabumi,-6.918,106.927,2025,5,2025-05,259.5,24.69
Kota Sukabumi,-6.918,106.927,2025,6,2025-06,312.0,24.27
Kota Sukabumi,-6.918,106.927,2025,7,2025-07,164.6,23.7
Kota Sukabumi,-6.918,106.927,2025,8,2025-08,269.7,23.83
Kota Sukabumi,-6.918,106.927,2025,9,2025-09,253.5,24.22
Kota Sukabumi,-6.918,106.927,2025,10,2025-10,391.2,24.37
Kota Sukabumi,-6.918,106.927,2025,11,2025-11,230.7,23.77
Kota Sukabumi,-6.918,106.927,2025,12,2025-12,241.8,24.01
Kota Bandung,-6.914,107.609,2021,1,2021-01,343.5,21.03
Kota Bandung,-6.914,107.609,2021,2,2021-02,454.7,21.05
Kota Bandung,-6.914,107.609,2021,3,2021-03,607.9,21.45
Kota Bandung,-6.914,107.609,2021,4,2021-04,213.9,21.44
Kota Bandung,-6.914,107.609,2021,5,2021-05,204.0,22.11
Kota Bandung,-6.914,107.609,2021,6,2021-06,258.3,21.58
Kota Bandung,-6.914,107.609,2021,7,2021-07,75.3,20.67
Kota Bandung,-6.914,107.609,2021,8,2021-08,114.1,21.21
Kota Bandung,-6.914,107.609,2021,9,2021-09,168.6,21.57
Kota Bandung,-6.914,107.609,2021,10,2021-10,294.5,22.29
Kota Bandung,-6.914,107.609,2021,11,2021-11,453.0,21.77
Kota Bandung,-6.914,107.609,2021,12,2021-12,372.6,21.72
Kota Bandung,-6.914,107.609,2022,1,2022-01,217.6,21.42
Kota Bandung,-6.914,107.609,2022,2,2022-02,247.2,21.2
Kota Bandung,-6.914,107.609,2022,3,2022-03,306.0,21.67
Kota Bandung,-6.914,107.609,2022,4,2022-04,362.7,22.01
Kota Bandung,-6.914,107.609,2022,5,2022-05,250.5,22.02
Kota Bandung,-6.914,107.609,2022,6,2022-06,212.1,21.24
Kota Bandung,-6.914,107.609,2022,7,2022-07,200.3,21.17
Kota Bandung,-6.914,107.609,2022,8,2022-08,138.3,21.36
Kota Bandung,-6.914,107.609,2022,9,2022-09,300.9,21.66
Kota Bandung,-6.914,107.609,2022,10,2022-10,425.6,21.64
Kota Bandung,-6.914,107.609,2022,11,2022-11,413.4,21.42
Kota Bandung,-6.914,107.609,2022,12,2022-12,344.4,21.39
Kota Bandung,-6.914,107.609,2023,1,2023-01,168.6,21.18
Kota Bandung,-6.914,107.609,2023,2,2023-02,359.0,20.58
Kota Bandung,-6.914,107.609,2023,3,2023-03,332.0,21.69
Kota Bandung,-6.914,107.609,2023,4,2023-04,268.8,22.05
Kota Bandung,-6.914,107.609,2023,5,2023-05,223.5,22.18
Kota Bandung,-6.914,107.609,2023,6,2023-06,148.5,21.82
Kota Bandung,-6.914,107.609,2023,7,2023-07,76.9,21.0
Kota Bandung,-6.914,107.609,2023,8,2023-08,18.9,20.75
Kota Bandung,-6.914,107.609,2023,9,2023-09,6.9,21.14
Kota Bandung,-6.914,107.609,2023,10,2023-10,52.4,22.81
Kota Bandung,-6.914,107.609,2023,11,2023-11,357.3,23.13
Kota Bandung,-6.914,107.609,2023,12,2023-12,255.1,22.87
Kota Bandung,-6.914,107.609,2024,1,2024-01,596.4,22.44
Kota Bandung,-6.914,107.609,2024,2,2024-02,455.0,22.72
Kota Bandung,-6.914,107.609,2024,3,2024-03,414.2,22.41
Kota Bandung,-6.914,107.609,2024,4,2024-04,318.6,23.16
Kota Bandung,-6.914,107.609,2024,5,2024-05,128.3,22.81
Kota Bandung,-6.914,107.609,2024,6,2024-06,220.5,22.17
Kota Bandung,-6.914,107.609,2024,7,2024-07,306.6,21.03
Kota Bandung,-6.914,107.609,2024,8,2024-08,79.7,21.08
Kota Bandung,-6.914,107.609,2024,9,2024-09,328.8,21.89
Kota Bandung,-6.914,107.609,2024,10,2024-10,83.7,22.63
Kota Bandung,-6.914,107.609,2024,11,2024-11,531.9,22.6
Kota Bandung,-6.914,107.609,2024,12,2024-12,330.5,21.77
Kota Bandung,-6.914,107.609,2025,1,2025-01,457.6,21.49
Kota Bandung,-6.914,107.609,2025,2,2025-02,290.1,21.53
Kota Bandung,-6.914,107.609,2025,3,2025-03,257.0,21.83
Kota Bandung,-6.914,107.609,2025,4,2025-04,218.7,22.09
Kota Bandung,-6.914,107.609,2025,5,2025-05,290.5,22.42
Kota Bandung,-6.914,107.609,2025,6,2025-06,288.9,21.72
Kota Bandung,-6.914,107.609,2025,7,2025-07,164.6,21.12
Kota Bandung,-6.914,107.609,2025,8,2025-08,271.9,21.32
Kota Bandung,-6.914,107.609,2025,9,2025-09,254.1,21.72
Kota Bandung,-6.914,107.609,2025,10,2025-10,341.9,22.02
Kota Bandung,-6.914,107.609,2025,11,2025-11,219.3,21.81
Kota Bandung,-6.914,107.609,2025,12,2025-12,239.9,21.82
Kota Cirebon,-6.706,108.557,2021,1,2021-01,372.0,27.22
Kota Cirebon,-6.706,108.557,2021,2,2021-02,524.7,27.28
Kota Cirebon,-6.706,108.557,2021,3,2021-03,441.4,27.47
Kota Cirebon,-6.706,108.557,2021,4,2021-04,140.7,27.9
Kota Cirebon,-6.706,108.557,2021,5,2021-05,79.4,28.45
Kota Cirebon,-6.706,108.557,2021,6,2021-06,91.2,28.14
Kota Cirebon,-6.706,108.557,2021,7,2021-07,28.8,28.01
Kota Cirebon,-6.706,108.557,2021,8,2021-08,47.7,27.95
Kota Cirebon,-6.706,108.557,2021,9,2021-09,94.2,27.97
Kota Cirebon,-6.706,108.557,2021,10,2021-10,123.7,28.47
Kota Cirebon,-6.706,108.557,2021,11,2021-11,436.5,28.29
Kota Cirebon,-6.706,108.557,2021,12,2021-12,429.0,27.97
Kota Cirebon,-6.706,108.557,2022,1,2022-01,411.7,27.66
Kota Cirebon,-6.706,108.557,2022,2,2022-02,317.8,27.58
Kota Cirebon,-6.706,108.557,2022,3,2022-03,415.1,27.99
Kota Cirebon,-6.706,108.557,2022,4,2022-04,266.4,28.4
Kota Cirebon,-6.706,108.557,2022,5,2022-05,146.0,28.5
Kota Cirebon,-6.706,108.557,2022,6,2022-06,127.8,27.75
Kota Cirebon,-6.706,108.557,2022,7,2022-07,116.9,27.75
Kota Cirebon,-6.706,108.557,2022,8,2022-08,49.6,27.69
Kota Cirebon,-6.706,108.557,2022,9,2022-09,116.4,27.95
Kota Cirebon,-6.706,108.557,2022,10,2022-10,323.6,27.68
Kota Cirebon,-6.706,108.557,2022,11,2022-11,313.8,27.83
Kota Cirebon,-6.706,108.557,2022,12,2022-12,309.4,27.7
Kota Cirebon,-6.706,108.557,2023,1,2023-01,357.4,27.53
Kota Cirebon,-6.706,108.557,2023,2,2023-02,391.7,27.25
Kota Cirebon,-6.706,108.557,2023,3,2023-03,216.1,27.76
Kota Cirebon,-6.706,108.557,2023,4,2023-04,321.6,28.27
Kota Cirebon,-6.706,108.557,2023,5,2023-05,84.9,28.62
Kota Cirebon,-6.706,108.557,2023,6,2023-06,63.0,28.23
Kota Cirebon,-6.706,108.557,2023,7,2023-07,92.7,27.68
Kota Cirebon,-6.706,108.557,2023,8,2023-08,4.6,27.45
Kota Cirebon,-6.706,108.557,2023,9,2023-09,1.8,27.76
Kota Cirebon,-6.706,108.557,2023,10,2023-10,21.1,29.17
Kota Cirebon,-6.706,108.557,2023,11,2023-11,169.5,29.27
Kota Cirebon,-6.706,108.557,2023,12,2023-12,184.8,29.07
Kota Cirebon,-6.706,108.557,2024,1,2024-01,384.4,28.45
Kota Cirebon,-6.706,108.557,2024,2,2024-02,426.3,28.35
Kota Cirebon,-6.706,108.557,2024,3,2024-03,246.1,28.53
Kota Cirebon,-6.706,108.557,2024,4,2024-04,287.7,29.2
Kota Cirebon,-6.706,108.557,2024,5,2024-05,54.2,29.1
Kota Cirebon,-6.706,108.557,2024,6,2024-06,73.5,28.76
Kota Cirebon,-6.706,108.557,2024,7,2024-07,201.5,27.85
Kota Cirebon,-6.706,108.557,2024,8,2024-08,23.9,27.66
Kota Cirebon,-6.706,108.557,2024,9,2024-09,96.0,28.3
Kota Cirebon,-6.706,108.557,2024,10,2024-10,70.4,29.21
Kota Cirebon,-6.706,108.557,2024,11,2024-11,328.8,28.92
Kota Cirebon,-6.706,108.557,2024,12,2024-12,241.8,28.31
Kota Cirebon,-6.706,108.557,2025,1,2025-01,633.9,27.68
Kota Cirebon,-6.706,108.557,2025,2,2025-02,311.9,27.57
Kota Cirebon,-6.706,108.557,2025,3,2025-03,182.0,28.2
Kota Cirebon,-6.706,108.557,2025,4,2025-04,186.9,28.32
Kota Cirebon,-6.706,108.557,2025,5,2025-05,285.8,28.76
Kota Cirebon,-6.706,108.557,2025,6,2025-06,234.0,28.35
Kota Cirebon,-6.706,108.557,2025,7,2025-07,86.5,27.71
Kota Cirebon,-6.706,108.557,2025,8,2025-08,201.5,27.75
Kota Cirebon,-6.706,108.557,2025,9,2025-09,208.8,28.01
Kota Cirebon,-6.706,108.557,2025,10,2025-10,324.3,28.48
Kota Cirebon,-6.706,108.557,2025,11,2025-11,386.1,28.34
Kota Cirebon,-6.706,108.557,2025,12,2025-12,227.5,27.98
Kota Bekasi,-6.238,106.975,2021,1,2021-01,340.7,26.55
Kota Bekasi,-6.238,106.975,2021,2,2021-02,695.2,26.64
Kota Bekasi,-6.238,106.975,2021,3,2021-03,413.5,27.09
Kota Bekasi,-6.238,106.975,2021,4,2021-04,207.6,27.38
Kota Bekasi,-6.238,106.975,2021,5,2021-05,140.4,27.85
Kota Bekasi,-6.238,106.975,2021,6,2021-06,147.0,27.5
Kota Bekasi,-6.238,106.975,2021,7,2021-07,53.0,27.09
Kota Bekasi,-6.238,106.975,2021,8,2021-08,68.2,27.3
Kota Bekasi,-6.238,106.975,2021,9,2021-09,114.6,27.54
Kota Bekasi,-6.238,106.975,2021,10,2021-10,171.1,28.1
Kota Bekasi,-6.238,106.975,2021,11,2021-11,286.2,27.54
Kota Bekasi,-6.238,106.975,2021,12,2021-12,312.2,27.3
Kota Bekasi,-6.238,106.975,2022,1,2022-01,249.2,26.99
Kota Bekasi,-6.238,106.975,2022,2,2022-02,222.9,26.95
Kota Bekasi,-6.238,106.975,2022,3,2022-03,261.6,27.31
Kota Bekasi,-6.238,106.975,2022,4,2022-04,285.3,27.73
Kota Bekasi,-6.238,106.975,2022,5,2022-05,146.3,27.75
Kota Bekasi,-6.238,106.975,2022,6,2022-06,136.2,27.19
Kota Bekasi,-6.238,106.975,2022,7,2022-07,128.7,27.17
Kota Bekasi,-6.238,106.975,2022,8,2022-08,91.5,27.29
Kota Bekasi,-6.238,106.975,2022,9,2022-09,140.7,27.45
Kota Bekasi,-6.238,106.975,2022,10,2022-10,235.9,27.21
Kota Bekasi,-6.238,106.975,2022,11,2022-11,214.8,27.22
Kota Bekasi,-6.238,106.975,2022,12,2022-12,234.4,27.08
Kota Bekasi,-6.238,106.975,2023,1,2023-01,169.6,26.76
Kota Bekasi,-6.238,106.975,2023,2,2023-02,442.1,26.44
Kota Bekasi,-6.238,106.975,2023,3,2023-03,231.0,27.12
Kota Bekasi,-6.238,106.975,2023,4,2023-04,114.6,27.73
Kota Bekasi,-6.238,106.975,2023,5,2023-05,172.4,28.23
Kota Bekasi,-6.238,106.975,2023,6,2023-06,107.1,27.79
Kota Bekasi,-6.238,106.975,2023,7,2023-07,38.4,27.37
Kota Bekasi,-6.238,106.975,2023,8,2023-08,17.4,27.12
Kota Bekasi,-6.238,106.975,2023,9,2023-09,2.1,27.83
Kota Bekasi,-6.238,106.975,2023,10,2023-10,34.4,29.32
Kota Bekasi,-6.238,106.975,2023,11,2023-11,166.5,29.2
Kota Bekasi,-6.238,106.975,2023,12,2023-12,128.3,28.77
Kota Bekasi,-6.238,106.975,2024,1,2024-01,338.8,28.07
Kota Bekasi,-6.238,106.975,2024,2,2024-02,324.2,27.9
Kota Bekasi,-6.238,106.975,2024,3,2024-03,292.9,28.02
Kota Bekasi,-6.238,106.975,2024,4,2024-04,213.0,28.85
Kota Bekasi,-6.238,106.975,2024,5,2024-05,80.0,28.76
Kota Bekasi,-6.238,106.975,2024,6,2024-06,142.8,28.21
Kota Bekasi,-6.238,106.975,2024,7,2024-07,176.4,27.38
Kota Bekasi,-6.238,106.975,2024,8,2024-08,40.6,27.5
Kota Bekasi,-6.238,106.975,2024,9,2024-09,115.8,28.04
Kota Bekasi,-6.238,106.975,2024,10,2024-10,111.6,28.78
Kota Bekasi,-6.238,106.975,2024,11,2024-11,222.9,28.47
Kota Bekasi,-6.238,106.975,2024,12,2024-12,339.4,27.65
Kota Bekasi,-6.238,106.975,2025,1,2025-01,553.7,27.08
Kota Bekasi,-6.238,106.975,2025,2,2025-02,292.3,27.05
Kota Bekasi,-6.238,106.975,2025,3,2025-03,211.4,27.55
Kota Bekasi,-6.238,106.975,2025,4,2025-04,205.5,27.91
Kota Bekasi,-6.238,106.975,2025,5,2025-05,246.8,28.47
Kota Bekasi,-6.238,106.975,2025,6,2025-06,209.4,27.87
Kota Bekasi,-6.238,106.975,2025,7,2025-07,164.9,27.45
Kota Bekasi,-6.238,106.975,2025,8,2025-08,159.0,27.33
Kota Bekasi,-6.238,106.975,2025,9,2025-09,163.2,27.81
Kota Bekasi,-6.238,106.975,2025,10,2025-10,212.0,28.05
Kota Bekasi,-6.238,106.975,2025,11,2025-11,215.4,27.67
Kota Bekasi,-6.238,106.975,2025,12,2025-12,291.7,27.34
Kota Depok,-6.401,106.819,2021,1,2021-01,315.0,24.03
Kota Depok,-6.401,106.819,2021,2,2021-02,551.3,24.11
Kota Depok,-6.401,106.819,2021,3,2021-03,484.5,24.56
Kota Depok,-6.401,106.819,2021,4,2021-04,206.7,24.74
Kota Depok,-6.401,106.819,2021,5,2021-05,166.8,25.25
Kota Depok,-6.401,106.819,2021,6,2021-06,158.7,24.78
Kota Depok,-6.401,106.819,2021,7,2021-07,59.8,24.26
Kota Depok,-6.401,106.819,2021,8,2021-08,86.8,24.73
Kota Depok,-6.401,106.819,2021,9,2021-09,140.1,25.17
Kota Depok,-6.401,106.819,2021,10,2021-10,213.9,25.63
Kota Depok,-6.401,106.819,2021,11,2021-11,319.2,24.86
Kota Depok,-6.401,106.819,2021,12,2021-12,311.9,24.69
Kota Depok,-6.401,106.819,2022,1,2022-01,219.5,24.48
Kota Depok,-6.401,106.819,2022,2,2022-02,227.6,24.29
Kota Depok,-6.401,106.819,2022,3,2022-03,256.1,24.74
Kota Depok,-6.401,106.819,2022,4,2022-04,322.8,25.0
Kota Depok,-6.401,106.819,2022,5,2022-05,187.9,25.04
Kota Depok,-6.401,106.819,2022,6,2022-06,159.9,24.33
Kota Depok,-6.401,106.819,2022,7,2022-07,124.3,24.57
Kota Depok,-6.401,106.819,2022,8,2022-08,105.1,24.89
Kota Depok,-6.401,106.819,2022,9,2022-09,173.7,25.04
Kota Depok,-6.401,106.819,2022,10,2022-10,297.0,24.63
Kota Depok,-6.401,106.819,2022,11,2022-11,261.6,24.57
Kota Depok,-6.401,106.819,2022,12,2022-12,257.0,24.49
Kota Depok,-6.401,106.819,2023,1,2023-01,142.9,24.26
Kota Depok,-6.401,106.819,2023,2,2023-02,383.3,23.8
Kota Depok,-6.401,106.819,2023,3,2023-03,261.0,24.7
Kota Depok,-6.401,106.819,2023,4,2023-04,160.5,25.07
Kota Depok,-6.401,106.819,2023,5,2023-05,169.3,25.58
Kota Depok,-6.401,106.819,2023,6,2023-06,114.9,25.23
Kota Depok,-6.401,106.819,2023,7,2023-07,43.4,24.74
Kota Depok,-6.401,106.819,2023,8,2023-08,17.7,24.69
Kota Depok,-6.401,106.819,2023,9,2023-09,4.8,25.36
Kota Depok,-6.401,106.819,2023,10,2023-10,44.9,27.1
Kota Depok,-6.401,106.819,2023,11,2023-11,232.5,26.8
Kota Depok,-6.401,106.819,2023,12,2023-12,163.1,26.12
Kota Depok,-6.401,106.819,2024,1,2024-01,403.6,25.48
Kota Depok,-6.401,106.819,2024,2,2024-02,365.1,25.6
Kota Depok,-6.401,106.819,2024,3,2024-03,314.0,25.43
Kota Depok,-6.401,106.819,2024,4,2024-04,245.4,26.27
Kota Depok,-6.401,106.819,2024,5,2024-05,95.8,26.3
Kota Depok,-6.401,106.819,2024,6,2024-06,165.0,25.56
Kota Depok,-6.401,106.819,2024,7,2024-07,280.6,24.69
Kota Depok,-6.401,106.819,2024,8,2024-08,62.9,25.01
Kota Depok,-6.401,106.819,2024,9,2024-09,205.8,25.55
Kota Depok,-6.401,106.819,2024,10,2024-10,80.0,26.3
Kota Depok,-6.401,106.819,2024,11,2024-11,339.0,25.79
Kota Depok,-6.401,106.819,2024,12,2024-12,313.4,24.96
Kota Depok,-6.401,106.819,2025,1,2025-01,482.1,24.55
Kota Depok,-6.401,106.819,2025,2,2025-02,250.9,24.49
Kota Depok,-6.401,106.819,2025,3,2025-03,219.8,24.89
Kota Depok,-6.401,106.819,2025,4,2025-04,183.9,25.34
Kota Depok,-6.401,106.819,2025,5,2025-05,227.2,25.68
Kota Depok,-6.401,106.819,2025,6,2025-06,233.1,25.02
Kota Depok,-6.401,106.819,2025,7,2025-07,170.5,24.78
Kota Depok,-6.401,106.819,2025,8,2025-08,201.8,24.68
Kota Depok,-6.401,106.819,2025,9,2025-09,195.0,25.31
Kota Depok,-6.401,106.819,2025,10,2025-10,251.7,25.39
Kota Depok,-6.401,106.819,2025,11,2025-11,177.9,24.9
Kota Depok,-6.401,106.819,2025,12,2025-12,225.7,24.83
Kota Cimahi,-6.884,107.543,2021,1,2021-01,343.5,21.03
Kota Cimahi,-6.884,107.543,2021,2,2021-02,454.7,21.05
Kota Cimahi,-6.884,107.543,2021,3,2021-03,607.9,21.45
Kota Cimahi,-6.884,107.543,2021,4,2021-04,213.9,21.44
Kota Cimahi,-6.884,107.543,2021,5,2021-05,204.0,22.11
Kota Cimahi,-6.884,107.543,2021,6,2021-06,258.3,21.58
Kota Cimahi,-6.884,107.543,2021,7,2021-07,75.3,20.67
Kota Cimahi,-6.884,107.543,2021,8,2021-08,114.1,21.21
Kota Cimahi,-6.884,107.543,2021,9,2021-09,168.6,21.57
Kota Cimahi,-6.884,107.543,2021,10,2021-10,294.5,22.29
Kota Cimahi,-6.884,107.543,2021,11,2021-11,453.0,21.77
Kota Cimahi,-6.884,107.543,2021,12,2021-12,372.6,21.72
Kota Cimahi,-6.884,107.543,2022,1,2022-01,217.6,21.42
Kota Cimahi,-6.884,107.543,2022,2,2022-02,247.2,21.2
Kota Cimahi,-6.884,107.543,2022,3,2022-03,306.0,21.67
Kota Cimahi,-6.884,107.543,2022,4,2022-04,362.7,22.01
Kota Cimahi,-6.884,107.543,2022,5,2022-05,250.5,22.02
Kota Cimahi,-6.884,107.543,2022,6,2022-06,212.1,21.24
Kota Cimahi,-6.884,107.543,2022,7,2022-07,200.3,21.17
Kota Cimahi,-6.884,107.543,2022,8,2022-08,138.3,21.36
Kota Cimahi,-6.884,107.543,2022,9,2022-09,300.9,21.66
Kota Cimahi,-6.884,107.543,2022,10,2022-10,425.6,21.64
Kota Cimahi,-6.884,107.543,2022,11,2022-11,413.4,21.42
Kota Cimahi,-6.884,107.543,2022,12,2022-12,344.4,21.39
Kota Cimahi,-6.884,107.543,2023,1,2023-01,168.6,21.18
Kota Cimahi,-6.884,107.543,2023,2,2023-02,359.0,20.58
Kota Cimahi,-6.884,107.543,2023,3,2023-03,332.0,21.69
Kota Cimahi,-6.884,107.543,2023,4,2023-04,268.8,22.05
Kota Cimahi,-6.884,107.543,2023,5,2023-05,223.5,22.18
Kota Cimahi,-6.884,107.543,2023,6,2023-06,148.5,21.82
Kota Cimahi,-6.884,107.543,2023,7,2023-07,76.9,21.0
Kota Cimahi,-6.884,107.543,2023,8,2023-08,18.9,20.75
Kota Cimahi,-6.884,107.543,2023,9,2023-09,6.9,21.14
Kota Cimahi,-6.884,107.543,2023,10,2023-10,52.4,22.81
Kota Cimahi,-6.884,107.543,2023,11,2023-11,357.3,23.13
Kota Cimahi,-6.884,107.543,2023,12,2023-12,255.1,22.87
Kota Cimahi,-6.884,107.543,2024,1,2024-01,596.4,22.44
Kota Cimahi,-6.884,107.543,2024,2,2024-02,455.0,22.72
Kota Cimahi,-6.884,107.543,2024,3,2024-03,414.2,22.41
Kota Cimahi,-6.884,107.543,2024,4,2024-04,318.6,23.16
Kota Cimahi,-6.884,107.543,2024,5,2024-05,128.3,22.81
Kota Cimahi,-6.884,107.543,2024,6,2024-06,220.5,22.17
Kota Cimahi,-6.884,107.543,2024,7,2024-07,306.6,21.03
Kota Cimahi,-6.884,107.543,2024,8,2024-08,79.7,21.08
Kota Cimahi,-6.884,107.543,2024,9,2024-09,328.8,21.89
Kota Cimahi,-6.884,107.543,2024,10,2024-10,83.7,22.63
Kota Cimahi,-6.884,107.543,2024,11,2024-11,531.9,22.6
Kota Cimahi,-6.884,107.543,2024,12,2024-12,330.5,21.77
Kota Cimahi,-6.884,107.543,2025,1,2025-01,457.6,21.49
Kota Cimahi,-6.884,107.543,2025,2,2025-02,290.1,21.53
Kota Cimahi,-6.884,107.543,2025,3,2025-03,257.0,21.83
Kota Cimahi,-6.884,107.543,2025,4,2025-04,218.7,22.09
Kota Cimahi,-6.884,107.543,2025,5,2025-05,290.5,22.42
Kota Cimahi,-6.884,107.543,2025,6,2025-06,288.9,21.72
Kota Cimahi,-6.884,107.543,2025,7,2025-07,164.6,21.12
Kota Cimahi,-6.884,107.543,2025,8,2025-08,271.9,21.32
Kota Cimahi,-6.884,107.543,2025,9,2025-09,254.1,21.72
Kota Cimahi,-6.884,107.543,2025,10,2025-10,341.9,22.02
Kota Cimahi,-6.884,107.543,2025,11,2025-11,219.3,21.81
Kota Cimahi,-6.884,107.543,2025,12,2025-12,239.9,21.82
Kota Tasikmalaya,-7.327,108.219,2021,1,2021-01,404.9,24.39
Kota Tasikmalaya,-7.327,108.219,2021,2,2021-02,364.0,24.54
Kota Tasikmalaya,-7.327,108.219,2021,3,2021-03,450.7,24.51
Kota Tasikmalaya,-7.327,108.219,2021,4,2021-04,165.3,24.39
Kota Tasikmalaya,-7.327,108.219,2021,5,2021-05,201.5,24.43
Kota Tasikmalaya,-7.327,108.219,2021,6,2021-06,404.4,24.15
Kota Tasikmalaya,-7.327,108.219,2021,7,2021-07,73.2,23.31
Kota Tasikmalaya,-7.327,108.219,2021,8,2021-08,116.2,23.34
Kota Tasikmalaya,-7.327,108.219,2021,9,2021-09,155.1,23.53
Kota Tasikmalaya,-7.327,108.219,2021,10,2021-10,324.9,23.98
Kota Tasikmalaya,-7.327,108.219,2021,11,2021-11,730.8,24.35
Kota Tasikmalaya,-7.327,108.219,2021,12,2021-12,408.6,24.49
Kota Tasikmalaya,-7.327,108.219,2022,1,2022-01,311.2,24.49
Kota Tasikmalaya,-7.327,108.219,2022,2,2022-02,300.2,24.55
Kota Tasikmalaya,-7.327,108.219,2022,3,2022-03,468.1,24.53
Kota Tasikmalaya,-7.327,108.219,2022,4,2022-04,376.5,24.63
Kota Tasikmalaya,-7.327,108.219,2022,5,2022-05,316.5,24.87
Kota Tasikmalaya,-7.327,108.219,2022,6,2022-06,243.0,23.91
Kota Tasikmalaya,-7.327,108.219,2022,7,2022-07,321.5,23.4
Kota Tasikmalaya,-7.327,108.219,2022,8,2022-08,124.0,23.22
Kota Tasikmalaya,-7.327,108.219,2022,9,2022-09,509.1,23.6
Kota Tasikmalaya,-7.327,108.219,2022,10,2022-10,523.6,23.53
Kota Tasikmalaya,-7.327,108.219,2022,11,2022-11,720.3,23.91
Kota Tasikmalaya,-7.327,108.219,2022,12,2022-12,416.6,24.08
Kota Tasikmalaya,-7.327,108.219,2023,1,2023-01,250.8,24.15
Kota Tasikmalaya,-7.327,108.219,2023,2,2023-02,231.6,24.28
Kota Tasikmalaya,-7.327,108.219,2023,3,2023-03,417.6,24.42
Kota Tasikmalaya,-7.327,108.219,2023,4,2023-04,462.0,24.59
Kota Tasikmalaya,-7.327,108.219,2023,5,2023-05,264.1,24.23
Kota Tasikmalaya,-7.327,108.219,2023,6,2023-06,191.1,23.76
Kota Tasikmalaya,-7.327,108.219,2023,7,2023-07,134.2,22.57
Kota Tasikmalaya,-7.327,108.219,2023,8,2023-08,14.0,22.03
Kota Tasikmalaya,-7.327,108.219,2023,9,2023-09,5.1,22.3
Kota Tasikmalaya,-7.327,108.219,2023,10,2023-10,24.8,24.02
Kota Tasikmalaya,-7.327,108.219,2023,11,2023-11,446.7,24.65
Kota Tasikmalaya,-7.327,108.219,2023,12,2023-12,362.4,24.65
Kota Tasikmalaya,-7.327,108.219,2024,1,2024-01,782.4,25.23
Kota Tasikmalaya,-7.327,108.219,2024,2,2024-02,490.1,25.45
Kota Tasikmalaya,-7.327,108.219,2024,3,2024-03,424.7,25.22
Kota Tasikmalaya,-7.327,108.219,2024,4,2024-04,357.6,25.34
Kota Tasikmalaya,-7.327,108.219,2024,5,2024-05,98.3,24.57
Kota Tasikmalaya,-7.327,108.219,2024,6,2024-06,246.6,24.49
Kota Tasikmalaya,-7.327,108.219,2024,7,2024-07,225.7,23.02
Kota Tasikmalaya,-7.327,108.219,2024,8,2024-08,52.7,22.4
Kota Tasikmalaya,-7.327,108.219,2024,9,2024-09,265.8,23.59
Kota Tasikmalaya,-7.327,108.219,2024,10,2024-10,162.4,24.54
Kota Tasikmalaya,-7.327,108.219,2024,11,2024-11,700.2,25.0
Kota Tasikmalaya,-7.327,108.219,2024,12,2024-12,321.8,24.94
Kota Tasikmalaya,-7.327,108.219,2025,1,2025-01,412.6,24.85
Kota Tasikmalaya,-7.327,108.219,2025,2,2025-02,349.4,24.92
Kota Tasikmalaya,-7.327,108.219,2025,3,2025-03,244.0,25.01
Kota Tasikmalaya,-7.327,108.219,2025,4,2025-04,311.4,24.62
Kota Tasikmalaya,-7.327,108.219,2025,5,2025-05,505.3,24.9
Kota Tasikmalaya,-7.327,108.219,2025,6,2025-06,402.3,24.21
Kota Tasikmalaya,-7.327,108.219,2025,7,2025-07,122.8,23.07
Kota Tasikmalaya,-7.327,108.219,2025,8,2025-08,367.3,23.55
Kota Tasikmalaya,-7.327,108.219,2025,9,2025-09,366.6,23.64
Kota Tasikmalaya,-7.327,108.219,2025,10,2025-10,562.0,24.29
Kota Tasikmalaya,-7.327,108.219,2025,11,2025-11,409.2,24.2
Kota Tasikmalaya,-7.327,108.219,2025,12,2025-12,326.4,24.49
Kota Banjar,-7.365,108.538,2021,1,2021-01,355.3,25.6
Kota Banjar,-7.365,108.538,2021,2,2021-02,467.9,25.65
Kota Banjar,-7.365,108.538,2021,3,2021-03,288.0,25.8
Kota Banjar,-7.365,108.538,2021,4,2021-04,152.7,25.75
Kota Banjar,-7.365,108.538,2021,5,2021-05,88.4,25.88
Kota Banjar,-7.365,108.538,2021,6,2021-06,253.5,25.56
Kota Banjar,-7.365,108.538,2021,7,2021-07,55.8,24.79
Kota Banjar,-7.365,108.538,2021,8,2021-08,92.7,24.67
Kota Banjar,-7.365,108.538,2021,9,2021-09,151.8,24.9
Kota Banjar,-7.365,108.538,2021,10,2021-10,187.2,25.34
Kota Banjar,-7.365,108.538,2021,11,2021-11,469.8,25.67
Kota Banjar,-7.365,108.538,2021,12,2021-12,329.2,25.76
Kota Banjar,-7.365,108.538,2022,1,2022-01,312.8,25.83
Kota Banjar,-7.365,108.538,2022,2,2022-02,262.6,25.77
Kota Banjar,-7.365,108.538,2022,3,2022-03,403.3,25.84
Kota Banjar,-7.365,108.538,2022,4,2022-04,287.4,25.98
Kota Banjar,-7.365,108.538,2022,5,2022-05,192.8,26.3
Kota Banjar,-7.365,108.538,2022,6,2022-06,217.8,25.28
Kota Banjar,-7.365,108.538,2022,7,2022-07,182.9,24.67
Kota Banjar,-7.365,108.538,2022,8,2022-08,124.3,24.51
Kota Banjar,-7.365,108.538,2022,9,2022-09,408.3,24.89
Kota Banjar,-7.365,108.538,2022,10,2022-10,294.2,24.74
Kota Banjar,-7.365,108.538,2022,11,2022-11,521.1,25.11
Kota Banjar,-7.365,108.538,2022,12,2022-12,324.3,25.31
Kota Banjar,-7.365,108.538,2023,1,2023-01,202.7,25.43
Kota Banjar,-7.365,108.538,2023,2,2023-02,206.6,25.52
Kota Banjar,-7.365,108.538,2023,3,2023-03,237.5,25.75
Kota Banjar,-7.365,108.538,2023,4,2023-04,341.7,25.86
Kota Banjar,-7.365,108.538,2023,5,2023-05,145.1,25.55
Kota Banjar,-7.365,108.538,2023,6,2023-06,121.5,25.03
Kota Banjar,-7.365,108.538,2023,7,2023-07,101.4,23.83
Kota Banjar,-7.365,108.538,2023,8,2023-08,7.1,23.36
Kota Banjar,-7.365,108.538,2023,9,2023-09,2.4,23.77
Kota Banjar,-7.365,108.538,2023,10,2023-10,13.0,25.97
Kota Banjar,-7.365,108.538,2023,11,2023-11,245.1,26.16
Kota Banjar,-7.365,108.538,2023,12,2023-12,164.3,26.17
Kota Banjar,-7.365,108.538,2024,1,2024-01,372.0,26.61
Kota Banjar,-7.365,108.538,2024,2,2024-02,282.8,26.91
Kota Banjar,-7.365,108.538,2024,3,2024-03,253.0,26.61
Kota Banjar,-7.365,108.538,2024,4,2024-04,261.9,26.63
Kota Banjar,-7.365,108.538,2024,5,2024-05,47.7,25.84
Kota Banjar,-7.365,108.538,2024,6,2024-06,190.2,25.72
Kota Banjar,-7.365,108.538,2024,7,2024-07,114.7,24.35
Kota Banjar,-7.365,108.538,2024,8,2024-08,29.1,23.78
Kota Banjar,-7.365,108.538,2024,9,2024-09,165.3,25.01
Kota Banjar,-7.365,108.538,2024,10,2024-10,169.0,26.16
Kota Banjar,-7.365,108.538,2024,11,2024-11,389.1,26.28
Kota Banjar,-7.365,108.538,2024,12,2024-12,335.1,26.32
Kota Banjar,-7.365,108.538,2025,1,2025-01,349.4,26.15
Kota Banjar,-7.365,108.538,2025,2,2025-02,238.8,26.14
Kota Banjar,-7.365,108.538,2025,3,2025-03,159.7,26.29
Kota Banjar,-7.365,108.538,2025,4,2025-04,212.4,26.07
Kota Banjar,-7.365,108.538,2025,5,2025-05,396.8,26.13
Kota Banjar,-7.365,108.538,2025,6,2025-06,288.0,25.56
Kota Banjar,-7.365,108.538,2025,7,2025-07,70.1,24.31
Kota Banjar,-7.365,108.538,2025,8,2025-08,267.5,24.85
Kota Banjar,-7.365,108.538,2025,9,2025-09,312.0,25.03
Kota Banjar,-7.365,108.538,2025,10,2025-10,498.8,25.63
Kota Banjar,-7.365,108.538,2025,11,2025-11,443.1,25.36
Kota Banjar,-7.365,108.538,2025,12,2025-12,280.2,25.78
